{"version":1,"hash":{"type":"Buffer","data":"taEpfPGio2ZVsBP4LGf4OvrQOkX/ZzSMOD6zWFHAwHtQFQgGcoXM9MHgQWbJ0fJjSBmu5ijjyLmK64ChtDO6t9jE3z8K4Tfysy1abhDbGfgROBiIKI3UBLsMlIulLS0x/QR99jMP4frAwKTuNKNkiR+MQXqhEJn1EC8ndua96Pg="},"indexValueMap":{"JUfI1GwlcCvUssMbbLUyVnfmMQvsQAuxtJGAVvdTdrQ=":{"valueMac":{"type":"Buffer","data":"XLRS3oDgw2w9xGDg5bnFjfJcuPkHcyhcU3YI/cNqkwU="}},"f14mflUDKZnbAvahJ4okOTlMfrLCzkV7bzrR1r8bCuQ=":{"valueMac":{"type":"Buffer","data":"DHv3lJqdCvGVToYkRxi4sDz46vF/kMw/kAyyzxc4abw="}},"VZaf+WjMA1iC017dn86saiVBSt0nzjRgy0uPJ08FtvM=":{"valueMac":{"type":"Buffer","data":"o0GG6PrqRQt54dUt0UabPwLOzeQxO2PkSIUfkF9VIZI="}},"EeHsJcNw8Z3ko2iHq1m7FQgQWmcBtnxjPB3ty5wML8c=":{"valueMac":{"type":"Buffer","data":"2Igb2+GeMnvISkuwWukUcr85XCELk+I1sAR2TVi6zRw="}},"AaFdOu+5CTwKRIyc+JdBy4XOifbRxurRJgDq1HAu6kQ=":{"valueMac":{"type":"Buffer","data":"dv2TXK8HroRc6fM+5BFa6P6ZVjc0DsC/yRG9qErrIgk="}},"FWXB/A1pTAXB6dYyY9oh7rMPybOUxJamDLZ8tt6sJKs=":{"valueMac":{"type":"Buffer","data":"vs25oUqekHbNRt1ZY9l6QGoeoJWEuFGEad8wh/DT+YM="}},"c3XV/G5ZmNP4ii5rO4TG+SrG64+K7RsrflqA0ijAibo=":{"valueMac":{"type":"Buffer","data":"Fuuk0Ct8XHu26DAilB9CBTi/wQFVlziTQkHz+GVmavE="}},"ji3WRM0slBUYAonzxPYvi/vIM26RPoCvojNvgrhl5Ik=":{"valueMac":{"type":"Buffer","data":"gal5kO2vjfds7meYVViywHbjahb8y2f4nbfsWhOITFc="}},"mrE4xmo7cuN4jkpbrV8dOEBzg23ofaWHj7iWHkRFAMY=":{"valueMac":{"type":"Buffer","data":"WChD6ERpSrmnDcdSrsG7z+bJlQMLQVR5Q3da9E1uxD4="}},"Iwb+8is2mG6cFeVOr8p0il1Jc4sUVRwCiRXo0rtMeJo=":{"valueMac":{"type":"Buffer","data":"suRGYtoLxcLSChUaAVGybG58iUvxxY+BauuOYnWF9z4="}},"bDa7yGA2BpANvycvDzdYL0bNypvutFpQ80ConBztQLo=":{"valueMac":{"type":"Buffer","data":"BFZi7aixcD4tqrtbXhINyemX316larfbtNcD8wo5K6M="}},"C4S7huyHTa4E+9T8xQZjZzYLiE+RXUFGFZRfk99ZxeM=":{"valueMac":{"type":"Buffer","data":"bUB60eW0KHaxx3Y7ZAbsJU3EP+C1rxN4I5yl+ufHbOY="}},"V53CIlfoRY1eruoyVahdAf11RzjKXIUShSlPw2JEg1g=":{"valueMac":{"type":"Buffer","data":"i7GLCcwQtwToEFjkOFzmn6b8vLm5GfSK0XZSat5KwfY="}},"M/vC1z5AOh1WKn+Qcp+gTSftsaYde+xXkZOQ4U9f/vM=":{"valueMac":{"type":"Buffer","data":"EyFpJjDrhqEEDs6ibIVL6Z3/GxuVq/19XyJnF269r1Q="}},"KcUcBGvPD1TgqpvyaqQz85GLDTSsyLvy/ZKgcZ8QXeU=":{"valueMac":{"type":"Buffer","data":"yD8phZp0XlNfqnkVMOcDsFPJSYDJ9Mbx0aCdpsCwzuo="}},"IIRqvI/pFSpmycYwdGDHhlwVbnM3fVeV1XI5CyToCPA=":{"valueMac":{"type":"Buffer","data":"HuKdmWW9/b689GG65SMmFKeFLgMIz2/KX4dbhDtdWjM="}},"z8pdAVeEWQ3lHCFnHtr5HgCbjm1DgC1g7ZsHdUS67lo=":{"valueMac":{"type":"Buffer","data":"7M0T9P/SUeKRSn1L/d1TDj6dmjVtmjlla7awqpB3X3A="}},"17Bt2jU8wHvpoYSDsU/LJxIPqY2dqTV9W1bPR0szH08=":{"valueMac":{"type":"Buffer","data":"EKSwjUHrPsM6/pUTNPCXYPT30VFUQPZdzzaZ5dS5hCA="}},"X0AiyENdhOTEbWGlz8myrqgGZVb4g5P7k+gos8BxuKY=":{"valueMac":{"type":"Buffer","data":"idPpNWyueCCxCZaiYP4kNgL0fepkezrI48E12d9Nlic="}},"bXW/iRMPwGvAOYGg2sAb+IXPPlayMzeE6jBH6Gj2SEU=":{"valueMac":{"type":"Buffer","data":"a9CS/Xylkx16fptxBfbB7JxVM1w/UFYRYesBKAINWms="}},"+/XrGRQcGFQrqdA53AIrKF9hfRAk6q4DnzybNNCpso8=":{"valueMac":{"type":"Buffer","data":"BgGH4C+9qEuW1s8in5lrT52j315twzKpPNblgDMUBGM="}},"p074xUbQHogUneqqqQetr/vBk6flo5gpCIGlx2ebHFA=":{"valueMac":{"type":"Buffer","data":"+Z+3Sga8ry/Px8dIf8hNzCI0s+dW2zGQ3FL0ZU2EMhY="}},"1az1MiYh1+V0C6naMxPEWOosaaFxmswAERQaUds1Th8=":{"valueMac":{"type":"Buffer","data":"ZOjIle2ocUecXMXF88xc7vxhzhg2jdutXVTMmNip/gA="}},"hA0faFDDpfYJlrkOev2J4LH1VUb5daY9vrStxSoEOBc=":{"valueMac":{"type":"Buffer","data":"ZsEER3Kcl9gX2mvmmBd5KCtr0HFkJtjf3P6t2ZO4Sqg="}},"yWbDQNJ5RkqbFz4Dsjs9hKl8YVn/oEZAu2f8y4UCPQg=":{"valueMac":{"type":"Buffer","data":"FEOMW9HAlomB2h4zQ+jr1pJuoSduoxFwqXbIDQU4vSk="}},"NS9mWyYD+KwzEhU2cyimvmYYz7kRpDyz30VwqIMdS5Y=":{"valueMac":{"type":"Buffer","data":"H46maOPgPJkLJJk8/nuku3XbLGN8SsxjW1mEiLwQHvk="}},"7d4Ah25iKEsA4yEW7pDsAiM7e3h953sxs76JHG5ViIQ=":{"valueMac":{"type":"Buffer","data":"oKLDcWZS8aYmAAyG6UBTHm/fX4DLs6Y8nbWt4Y29CTc="}},"aVFDXeGiY3yywIlB6gvZm4KuIwuR2VsNHYzdUWLE9ZU=":{"valueMac":{"type":"Buffer","data":"DLnjjffN94O4VE3uRsLHToDzkbCOgIz+c5q4QrpuBF8="}},"DkNTTmqQF6aSEP7uKqdxRavRgJSeaFxZKtV4JUBZULE=":{"valueMac":{"type":"Buffer","data":"AFLp1ai2yrBDjs/Y6sIKVuHHweQRLBHubEpQ8V0gKaM="}},"Mc0R3OEjMjliT9PO2+IsBHiAOUn27oKIlic2zi+we1Q=":{"valueMac":{"type":"Buffer","data":"k3rS6cAPcet368vVpyP0EWUDMvzvPDX8J4cVAbInr1w="}},"b5HRBeuySYd8lwxG4/IusCOjJHmvqFkjhZ4O595mjUQ=":{"valueMac":{"type":"Buffer","data":"RMdMOI9d/a6ihiEjpZREs9wzEIo61CkJwB0ymKEHs18="}},"WMq/Lxca+SgElbQXmdv+lKFv0YnL6HR/Kepihty5ThU=":{"valueMac":{"type":"Buffer","data":"Ue45gDVxyFM5sqpG7pPuEkj/iuTWWPGN3SyNI/o5TfA="}},"bdfpFS+JJz892vZiPVFc5WsNgeQAKUnkoFJUpKl65Uo=":{"valueMac":{"type":"Buffer","data":"8LwBWQgSRkW7epldiL4G9C+DcDhey2qQAnwNrI42Eb4="}},"cQPNk2d9R40c1p5qik+tHcE5wVvQBZjKdGNhesU1Zlk=":{"valueMac":{"type":"Buffer","data":"Bge1gqtEFFvRiThLddWfpa46pnJ8XJIRuPlNw/Aqswk="}},"hJtvTyjSmPmdpn4o+lGmMTAUooffcP57EabnX6zgRB4=":{"valueMac":{"type":"Buffer","data":"B7loWNQ+nnWhrVIKQ4KTmzdoeTziBK+iLnb1jMei8OU="}},"Y4tTBXXk32A8y0eHrJVdX9YA1zhUINGOe5Yj6xBRh6I=":{"valueMac":{"type":"Buffer","data":"ss7dN532iLjGrfNPqtaZLskqW6oGBS69W1mwSTfObV4="}},"VSX3TpkoOV+geKNvKoWoakSDGqv1OaF6qUA5LJ2F6yg=":{"valueMac":{"type":"Buffer","data":"qBnImSrgjXYv6py4mvnxb3UQmaRcGy270Q90NF2SyB0="}},"hyO+jWZaRgsEzf7S/O0iC1cmMu204xLClAwaRRYqbRU=":{"valueMac":{"type":"Buffer","data":"sjuMShTFjLRvjnhNsbIuxqLWt1gFGEwOv9nOa3PxNcE="}},"LTZ3FGS7OJirw6ncH1jxEl9lYvdChAPjvSOZDMas2Xg=":{"valueMac":{"type":"Buffer","data":"PZx3ysBxDD4I3CQe58M0anCBIqrVxqJjtgrZFYiZlNU="}},"FL/K2U7dItkctXO6dPOXYEI4pPi/H1r3k4WujdngjYA=":{"valueMac":{"type":"Buffer","data":"jmCZejEz2+J6z7bloSoAOoqeKvIBdomew7mejEaKf1s="}},"/+hnhIHDdyQUqjdcbMITTwQF+aY9YDlydNjss9Xvf0Q=":{"valueMac":{"type":"Buffer","data":"OHraX8FbF2hzdqHf2AtJ2IN+mf6rEHUMQWcTV4m3d/o="}},"WuwY2OmApxXM6xQPt0esD8woUtWV3MvR6UqQyzZnAIY=":{"valueMac":{"type":"Buffer","data":"AeLgFj8eDIgw5DSA190QEMMRl0J98s8NbkCS9qpzSxk="}},"GzTg+KYstX3/WzR8KRGr8ZLnGFBRmuea0bvNZI7yui0=":{"valueMac":{"type":"Buffer","data":"pzLa++gFMjMLNE/zqRd1gNWXXIS3LzdfqCDRLnJRM+I="}},"9VQcN2+1/PjRkjFmfdtT7qocg+YF+cYT+VFpJAHHwyU=":{"valueMac":{"type":"Buffer","data":"il6Kwx0eplzPS75KbKcTOrdI8/rvNXqvrAbCUr0K9KU="}},"dngVd1YmE1ZzE07Dei/Kt1qt1NrhedJQc44vC6QeiDg=":{"valueMac":{"type":"Buffer","data":"AquoODunBE2jBAZbn4I2fPFqj3cH9eumCUy6GRVmiKM="}},"5CeCn35IaARcVw7YnbFB3qZZSbJGqFJZ3WwpOwJCeGg=":{"valueMac":{"type":"Buffer","data":"KvDgrFlCTpxJuIylcej1ET1g0WFN5Z2LpwPPY+oaNeI="}},"KwqYn+Uep/VzE3Fb+y1xDcObsmGGYKhsZDNnS9Mu3f4=":{"valueMac":{"type":"Buffer","data":"BbW05zo7ezV1ktpfVEnngcfZY3CON3nplBTEOmosmXA="}},"AimphrSG81KE1CdphgrpA7BmuOecffhm7eJJQgroWWQ=":{"valueMac":{"type":"Buffer","data":"u6enOA20CdU41Y7oz/Q9HCaI1DOf41xDH/4nkX0Iyz8="}},"D42MtVyQIEU7c1XSwef7P3e1mY/ZomTN7fSK2eQCD+E=":{"valueMac":{"type":"Buffer","data":"/LVkUGmFpaESptoPorxBm+55eWbflRz8j1nWbTAxzIo="}},"jknx7PFK5xxKJoe4vlEGd3hA8V29sqNvrnFeYPRkWmY=":{"valueMac":{"type":"Buffer","data":"FMg74RfEnl6vnC2CRKq/+GnrGrUgIl2ZU6S0XCZhHW0="}},"uc3BpIEwFG/qxV5IknYtsO03Q83+NyDidKv9LlHUQ28=":{"valueMac":{"type":"Buffer","data":"IExG0YpWeVl0QPrS/K39Q2VJcsBlNXGYz8XS1/R0SOg="}},"3EonvB+bMpTG2P3YuYPRTaih7ONiR2U3VSIwh4uHNkU=":{"valueMac":{"type":"Buffer","data":"6awRN1DnGbhUaiiTGpecA3ORzIXrZTWIrd8kHlFAGVY="}},"Hu0wAqvqEbjsolYomUCakwE9i5oJB7XjSGHW/pRnlUM=":{"valueMac":{"type":"Buffer","data":"PF9dkA455SNO8mh2Ikbg101zRBKRB3wyTLZU5YlmAO4="}},"IkaNy5/ZIyuYZJDG1qRQOYqbuGhemZhj9y6/qFN8sQc=":{"valueMac":{"type":"Buffer","data":"fnZLBQkYQM6EjltEEcECtcKqLpEcRvkrbzNKldcW1LU="}},"CsVbBYQRs6Ka53+2RsXrH27HdpLlS/ujJlsfXzzttK4=":{"valueMac":{"type":"Buffer","data":"CCuyvaIV2GxdgQuSvoLjvQmmGmEVWgdiiBeDgUxlUDg="}},"VuhQdpYdE8trmdM5raFj/RmJZWkiYC7NT5VFLrVd3b0=":{"valueMac":{"type":"Buffer","data":"Roo+HtRmA9DYsw48V5U7SVEf76OkxQKV/5XrWTRYhfY="}},"ZCLKnT3NyEjetrjSByrsbnLbkPsOI4ZfIodKLQbnUJQ=":{"valueMac":{"type":"Buffer","data":"5Qldv5bDagFJDB7RAON07iMDd2Js+2iMKGY+2ULD7GE="}},"ZkRxXXicHT4PDDeM0uTMNevyiYiS8mTueJ15xlRYwyI=":{"valueMac":{"type":"Buffer","data":"QtYCn73C0RmGh+Qa0nrn022dzfb/nvhdLyPC34JdRq0="}},"+22fjqiqLEg9MeY+vMNe/uk6GGvXw0d40i3Ej4dA/ww=":{"valueMac":{"type":"Buffer","data":"M/3LkybGncVzCwVUeX71e76gVcVOc9s5689JS2QFRew="}},"OQEYH+TDkJJbpojjVubD0qNoTRW+xfHRq46++W5PSrs=":{"valueMac":{"type":"Buffer","data":"keeAwZhrQWk+LzWnfTDIjN2YxjJMJTHFbm6UzCf6YuU="}},"gSD11WXET286N3Yfds9kdaUXuyZxGyG08bUK2kG9iME=":{"valueMac":{"type":"Buffer","data":"EwzjyNwo2semY2/HNuT8JlURMR1oJyGjqq5f2yLXREk="}},"cQat2enl9aTQ5Rh7WhnkC2jfpPJcR2F7QVq6F0uMHos=":{"valueMac":{"type":"Buffer","data":"52mWZe1GCx7tXTz8LHcQ8M0ew45+7ewTl2+CELGYupc="}},"mbbMX4OQ3Et/xdqnuK6vF5DTM633nwqw8tAsJRM1fB0=":{"valueMac":{"type":"Buffer","data":"3aeH6Fy0b33SRlL2w0oNVC0WAj4wH+XdvsWtPTXKT3I="}},"nfdMJ7s6uSwvH8uF+KEEpvQwNaPeMfffmfMDF1eKMYQ=":{"valueMac":{"type":"Buffer","data":"niWJjcehUHkDDMBHXMl1i37jzZ5aNL1iC3vY9pYQ4Ic="}},"gbck+JIuaokT5St1UEGoStFMOdAUHf6VXY5OIfrb5uo=":{"valueMac":{"type":"Buffer","data":"oOXGwDtmvH34uLRSX6scnywayKT6ntaj5ww6HI+9cxs="}},"ZHRvS35RcAABZuquMkBuD7w+Qv4Z1QvrWFbS+ZsXnrk=":{"valueMac":{"type":"Buffer","data":"aB/wWatJ+lMKwN5Vw72PFZVAz5X9Dq8fBcG4Ots72Tw="}},"UhjZWY1x9PMXpNsGUIzJ+u4TOIoRSsmfjbmzBVAjdfA=":{"valueMac":{"type":"Buffer","data":"/hrDZZYpIlGSpi4zgerGhHl9iASJkrdvLcAak+1i0pE="}},"8Q2/4NT+MHMvHncgoA786FJDfBg/HtIgwfIhYP/9d4Q=":{"valueMac":{"type":"Buffer","data":"Ba017qcTynE7IXr9jrPvyBg39QY7TeA2wA/6kM4XTlI="}},"W3CzRrp+BxZ7fkaPThAFtE/4ZIWu+si/Q8FJgAe+GO0=":{"valueMac":{"type":"Buffer","data":"Qk8zh3+OIRT8M24uUJxnMxpJhJ9GdPs8KPKz1dNlTdA="}},"CcuQtMkE99s2ji2VzChWmxupV2rOpdLTBWkdGZ2IGV4=":{"valueMac":{"type":"Buffer","data":"Vd9p0d++Zt36H3E76Cu80ZaKqZ+Cw8LHhlm73XkwTMs="}},"VzsCmYrUGjZ022u7teju0ZpM7OtsNapv3aLEPfEwAdg=":{"valueMac":{"type":"Buffer","data":"8AfZcXyWR16/ghfRE3PCFu+y+WIXsP6Kb3QQpr27/ho="}},"2Mdl4k9ocj3I4l3SEJQUyX42vTxRbzASMrndzmcxC5c=":{"valueMac":{"type":"Buffer","data":"8Yrigy8xBdorktOjIxxcC+izfErNRuRgvogrm4rfCDk="}},"v/6U0YoEisL6saNimwtwzfgJQHSDEnhh9b6zMdlYCRg=":{"valueMac":{"type":"Buffer","data":"DDafH27R3v2tzQijgKidef6C2FFFpnGLF2AFv2oduwM="}},"mt8FuTJnI3UjRo7v/yDbpRalDAWJVsUgUhSizs737ic=":{"valueMac":{"type":"Buffer","data":"yScWU7fB2ans3HGDpomf2WyLYrR3vEIpxVFtaji1mCQ="}},"7vnACkPV0JIqV58QQc5BY0+pcD0QRIG7jffbH/TeJ/w=":{"valueMac":{"type":"Buffer","data":"yA722XuTET8h1C1Dc/E+UwjC+RonwQlG9nFFO9yAcGU="}},"qgYrBertHSu+XgeRO03R7UIscXceLU3YJbRf/uENf+w=":{"valueMac":{"type":"Buffer","data":"3WwNsA2W0f9koA6zA/2kyzviPKA4UjLRS31G9//Jdd0="}},"qsLPRUO0vivvHqyB30vBIN8msfcMr/E6eOWpx17t/M8=":{"valueMac":{"type":"Buffer","data":"iCRJ4J9PGEX1a+8/E9EpjDwatLoQnrExddhMVlIV4Qc="}},"K4scwZNKLKV5XQ4HjgF2J4xsMp5XgUuFRY6Uu8W/aBw=":{"valueMac":{"type":"Buffer","data":"6905axIO5PqSvB3IawXwYGQJMZk429aJF5VSgbx3Bys="}},"6oZO4AYmLtXzTRtqGnK3YayzLFCMryXhvYJT8AuO8fo=":{"valueMac":{"type":"Buffer","data":"y6sTXyrEoASJw+3xd/Qopf6fpObaF+V2FU4x9XL3p1A="}},"1qIPpfLyG0Agb+6dM/GVy42Eg5FgkWJ98DAzajneVyQ=":{"valueMac":{"type":"Buffer","data":"3QSefZmag9WkLolU4xSMRrsK0cXuxhpy4avhEZ8XnHY="}},"uUGhHa0lG31VWf6yyVy500Lw3CluycPNhOfAC2OUsGI=":{"valueMac":{"type":"Buffer","data":"WhiUvcXu3mH+2ipeHaHKhbQ6jzIVO0aXEBT3zudQqqc="}},"tcN+n0b0OECQlC4fROPckT9UHnmlmCp10d6rvGdGmms=":{"valueMac":{"type":"Buffer","data":"ZHrLkYguMqFm6LW0w47paptvtyjKz2xjXeTFNVv22cg="}},"vCBQXaGjB60Ju6Ehfgfg49Ak2B19UVJR9IcFIdM75pI=":{"valueMac":{"type":"Buffer","data":"0loo85WsWlsnD+twTkEwdyPzjuu3CwBuvcD+6sXODxE="}},"iRQp9OGi5ZGtKj3dzQkgACjDrchpez18cleOUTpoNkQ=":{"valueMac":{"type":"Buffer","data":"1VWEyFSamx22ERkjqLQu1w/IAfX2I/inBvAlmYIX6hI="}},"5zfjqJKnNHYN6oxYSyte/Ueh5ZfkPJJGcNk7ayvR1gY=":{"valueMac":{"type":"Buffer","data":"81pRAU2mafXZn8Wt2AlAufz3HmxFBzITD4AAGe7YBMk="}},"7yNo0AugOoFE9SC/9TmOxx0PZqizycrQK7OY79YlFrQ=":{"valueMac":{"type":"Buffer","data":"5LmqVuw+qvS88clVLBmHENWvZ8W2uce8wyF6xYpMDP8="}},"lZHwHvb1X1Lw1roEIEhLCngi+5cnQAskzGU53y34F8g=":{"valueMac":{"type":"Buffer","data":"XZRg/StBz0BGMVvMg/wxv7qD/zmlojVx70rhgWyDNgA="}},"l+ZIeYFwSLSji/dFtemtz290jhyX3wgZODkXX8YLdsE=":{"valueMac":{"type":"Buffer","data":"1vqZZ0cNOIRwc3pf+C+mpcrvrt+bK0P+pQGlggJZ2Gs="}},"I+KEMVE5sPCN6mLksj3wLGfy0WgfCRn70AE5LuLIOAA=":{"valueMac":{"type":"Buffer","data":"7/8rb/BAiLDyUrzMFLVALbD+Agm9tFwZ3fXDLNpg9ls="}},"/XxVWdyE0Weu5cFsl95viYi5in+Bux2xFss6VPeCAo8=":{"valueMac":{"type":"Buffer","data":"pZ5S3la2zwyFK+1rjhMiu+TYh/a6dXctnYAx604/KoI="}},"6NBZTUpBDIiQ4IE5TLawtbWNK/8UDODV015OOPZQ25E=":{"valueMac":{"type":"Buffer","data":"Jw+OMGAlofgkg9Lo1Sus/MtpmzXdZfgM7iXTHLmQCRk="}},"srWAEqpeBmgfoE794Xj97k0IZ9IXVRcoviwZLbLfSLY=":{"valueMac":{"type":"Buffer","data":"gy4m/2aYz/Is0+lvNHHGLMKAHguZyHN1/rFql77G/Jc="}},"2n9VKjcEj6A15yjmgVBaYoIzxSL1YXu/Q7vyJBB+U7E=":{"valueMac":{"type":"Buffer","data":"hMjhZcPeGrXiJwCtVPYo7COcT2nYnDkjYcMO6O1iDhg="}},"SCYLepco16UOucoKr/6OLwmwchbO0evk3Z6Ft6nifTY=":{"valueMac":{"type":"Buffer","data":"WsLHtHdjUk6q+DvLKs9056q67mDK2eseRu1KkBcwIXI="}},"ySwY4ne2lnQMbGpnwaK0T3aGpKFqVwVoyxgYuBpUpTs=":{"valueMac":{"type":"Buffer","data":"wrnEox5yU1FUTJNSrRz50EtLKLrmC4n0vvhJhNKaMNI="}},"ZnWZ6N4YedpTI78qlzdZK217YDkU2gqr5vb2C59NTIY=":{"valueMac":{"type":"Buffer","data":"xpq7bWvOmCpGxxGuAO34YGGIpz4hCXKFe7MvFLwxFa4="}},"IE3UmK2wWvuU4WfQ3780E6i6BsURKN3LyJaxSMF8y1o=":{"valueMac":{"type":"Buffer","data":"nJrJ4NYg78joe07ntStVcZzjWQDm7y+ApLwX51XV3Hc="}},"UyITo8l41d1ffjHjR9WqBceuusS8/vfInXH2QeSRfVQ=":{"valueMac":{"type":"Buffer","data":"UovzsMnBjUovOJrrZUk29OWUQ77WnBE03dRPW3qjvI0="}},"Aeml60RjLotG5c1OXK/P+2rrNyZ6aRH7zkn8HHz2kOE=":{"valueMac":{"type":"Buffer","data":"fd5YHUhOp+QIXzW7vxbRvyJ63FkUXGvNI/DKHLHM7pw="}},"gYLBZOUGd9T5rFysSSWyQANRuZAJOeObVVcq2QUXsVg=":{"valueMac":{"type":"Buffer","data":"OKJSf75VT61EcawZq7+7D6M7BmO5bnXNPJkTAToPACc="}},"qRD/FZFV8VZDYmAZlod7hflfQew3AhazEkFML+wBVhg=":{"valueMac":{"type":"Buffer","data":"Ka2k+p9PWwlsOSW4g2G24dhTQJUqaLJtKmPTRGPadLs="}},"7Eyfw7jL6X2ckMmT9rO2dHILWN9xt4y3h3tFfVA6Q4Q=":{"valueMac":{"type":"Buffer","data":"5GBBCAIaRe4jWYM9373u/lEMMrD2nLJ48IqrZGFk7LU="}},"9R/vBGGE6jLsGjHP3Ik4fS0lVJpbFVNLPwSUtYc8CGc=":{"valueMac":{"type":"Buffer","data":"KpLM5p8VhOzZO67t0jpgjdAznT/B0qeyqKz0kMeG1mY="}},"ueHTT7diOpr7UpjiTCaUqsj+/J+VjcoI8ZZiXfZ6OW8=":{"valueMac":{"type":"Buffer","data":"oXE0uJLoZGGKhY5595KJP+t6sXBBTwOalVgtt3QU5QM="}},"4ZjWaF2xsXhPfiTRMX8ir+tedPYP4A9z52xnQOeHtt4=":{"valueMac":{"type":"Buffer","data":"v1Q7zoSOSp2MO0A73HF5cML0krXq/8+3zA29mHBvWd8="}},"Lla1bfQF9cLSeNlUEhslXPeWr0y+P6dVHS9xxzq7ixw=":{"valueMac":{"type":"Buffer","data":"9Cs+XITWbIwEKkfJozDhNtB+Hogjh+uBWp7V/q8rE9g="}},"pqRp5R05YUb7+WjXHGRM1+Qug18XQd2W3Rha8POocKI=":{"valueMac":{"type":"Buffer","data":"iSSC1Abd/vvv+HNNATH1K/D1bFLVd1JNt2NAkP1GUNs="}},"YpBJrE/Ri6av/UvyxjOlyMHK0tf9e0or8pOr3U8aahQ=":{"valueMac":{"type":"Buffer","data":"0/KxY+QPVYpm6SSt1GIwkOB41Cgv7cjLgCpn36knFZw="}},"n3dzkSODWdejWfRUGaNiZ7jFW8jpAEimbxBJUgY7ssA=":{"valueMac":{"type":"Buffer","data":"fB6eoXDg6icUoidUQWr+gQD9OHSHJoopdbSxCizQeCg="}},"6zBDPnPWG6ZfEK/tPuBWowgrEKCGk5zBIiu+Yc8jCio=":{"valueMac":{"type":"Buffer","data":"bWJn/PGAXlPPHwG6n3S8AVRsAuYqTNhMP8uJ0PSnvsE="}},"O4ri5LCK6Ci5E+SpCz2sO8v1DCT0BikYn9AIl7Jdd6I=":{"valueMac":{"type":"Buffer","data":"NOwcTXVw9pdojk3Nw5T7bBZVOcwdrzP31BH1myyfdUA="}},"z+53udA4LnOmYrUHA5oKAR8G9zrDgtjwjYNf7YgTulw=":{"valueMac":{"type":"Buffer","data":"JCdcJBDURS5BHQiDHvDAStoU1VhJnXsw6QuoRgRGD8I="}},"SjQ1ZbhsPENrVzCo1wjqSl3q93gy/vbuKXOMAUxj4/k=":{"valueMac":{"type":"Buffer","data":"kkregywUNHHTJxFg8rS9XXRvbfwoxHFtfD1nLAKBK8o="}},"0iE6S+MxkgaQiOHHgahLTna67uTVIk4gW4eTsBoqt2M=":{"valueMac":{"type":"Buffer","data":"ssdmSqqZ4KTyM66Zxv8sZWd9DfcYoj090etiKW6W9Ug="}},"wu6Aqzk3vzZK9bbrFoYM8/N5IKtAoj4JyA1I42EzFWU=":{"valueMac":{"type":"Buffer","data":"XR2TUcBDG5l649GXH14DC9vGGTCMKis2JFVSEBMY5VU="}},"HMkG4IFpke2Tt8S3vSKlMJUGz9qzOW71cbH+syZY6d8=":{"valueMac":{"type":"Buffer","data":"zYka6YTesjSiACrBP55r5w0JBmHfg3fdWP75b4kD04g="}},"wzrvMTY9QVH6LHT/OR4NIBoDGTmXCr+VtDq6CaImhCA=":{"valueMac":{"type":"Buffer","data":"IBA/i0Cyh41eijK5uNuDoxl5Z57jTGi8F+nNJ3FKCl4="}},"2PvBRBZsJlJMBRACdwIscQHDKS+AWBIEYoL2iYyWWOI=":{"valueMac":{"type":"Buffer","data":"lqRdSt5gH+3ohXz80wjRq6e6w5AhNRNx6tkCJ57MuVU="}},"f8TTFWUxRYyuxvo2q4+LVUrGqHLCp+PnmxqPs7DDNlI=":{"valueMac":{"type":"Buffer","data":"D0KBF5QM1eiEV61ZvBRdcKjWxHY8z8cIlUW0fqw0beo="}},"9EtoG6u17f7vDbDmizleygQFenBRw9ht80XvILB3Ezk=":{"valueMac":{"type":"Buffer","data":"s9/TJNHvIkVbpmUmY/YZ5iebD5snAGcOPyiCPSlWW+E="}},"axPidgHziZTgnlZ1iDe3kU2Xrz3ELme7jgyZCn4bnvw=":{"valueMac":{"type":"Buffer","data":"qTOSFwhfmi0446bIoO4Kk/mizUYt7KEGWcU9IGGfEpU="}},"U7br7a8ryDWrqkl+JmYA1/wYmKMsGneQT4BdM9YrB3M=":{"valueMac":{"type":"Buffer","data":"bwg+KLP3ZKe/fJ/TVA1t97HPyAPOGhWnOrHKZV5B0lw="}},"y9XojCS+KV+QBBmYfss23MAzybIypmw/QSpkliaumdM=":{"valueMac":{"type":"Buffer","data":"TQuQEdNazrSBonLpOoXfwdOCzSFCQC+RqWGU800c4/0="}},"LzF5UmWCfsLnDSHdpjui2a7YqTK9H0R45BjVuYkVyAI=":{"valueMac":{"type":"Buffer","data":"0UgJ79VQRr84Cq4uCZTz1momcZHAq83z3Z8bU+aCyz8="}},"EqH3MYkesvKtw4ehTNPFnJpJsBzy7MQ+BnocLHZ17G8=":{"valueMac":{"type":"Buffer","data":"ysRSL6Ig79qKGsG7fn+9v4PDdhn7lTZguPoGBNOyqKM="}},"Vplx5zp4iUdqJ23ZSgu75JxOJgi1zjhZENObDP1+eVo=":{"valueMac":{"type":"Buffer","data":"lXpfFVO+D7HviUOaZvvYGl0mj+e1L/HyP1STzqbuE50="}},"ObxcS2DdZTQw2tlVHpcC98X7yVWPuyolqUaAeNXy3/8=":{"valueMac":{"type":"Buffer","data":"l6s4vk1mSFA7Ax5F5csNsgGtE9vK6V+5L/57W9odOD4="}},"gfN1kn1nGKVNXZXcH/Dd4gLk2ON7DAa8GyuPM773OOE=":{"valueMac":{"type":"Buffer","data":"XaDDmjdasHhfRnJmPGI6J94QC22ZLNi1NBl50q6HCUQ="}},"zSxxu4ROtxzD8FNXCe2r2LdkN2dok+9MJX4xTZZqxQM=":{"valueMac":{"type":"Buffer","data":"QdAFa+q4tr4a3N3sVPcdBttMxX+gtU9fXfxrEr8t/vw="}},"0e6UkGbH3ubfQALf5ObJHeOssHUxixehrjvVeOLCuug=":{"valueMac":{"type":"Buffer","data":"j68kXYsDUkOIyDg+gUAYO8ljgV+7WwVs9Ha2JgWVPvk="}},"eleENwpxRZQzS2pn0I2OPEZuWoFzeS2ytlgnPa7fPUI=":{"valueMac":{"type":"Buffer","data":"f0m3Jhs4JSDpLBDEFfclqFYsLs4xbUcDEA0kvfcEJdM="}},"7FdXNZ3vgOGImuhZsMUeAZQ5qFZ6/SQOVyFwlnoxpoQ=":{"valueMac":{"type":"Buffer","data":"Qj65T9NrJOhGZf/rADvgobIuv3azevKuEOHI4X58nEs="}},"thZ+8E22KJOe4ZLS9kIGej67JFMBdT1/Asjf/kczFq4=":{"valueMac":{"type":"Buffer","data":"bsfe186hhUDRKMjLChUWFl5LUKsyjj5Mzt7WmTROh70="}},"s22iv8mV/0SMfvhcPdejY3a30ilxMzivSsreasEmyKk=":{"valueMac":{"type":"Buffer","data":"Cs15rmDIiBZTnKu94lXwTyGByj2HoFKpzuD7Ei2zbF8="}},"8eejFGs+quEupl/OmwHYmbqXWamST52EwEEXFF+3Xw8=":{"valueMac":{"type":"Buffer","data":"vezfmgXsUfKoNdxDg8tMSmf3/31WzWvj204RPg9Ilo8="}},"wPJPmnqxX5wiPFmpff5u5oRZuktOq5OGBS/Gut54f8k=":{"valueMac":{"type":"Buffer","data":"pEX28y3yfCaxOGvvnBL2vLvmGZ/uNwT0c3HszEf7arY="}},"/eQWuH+i8ryYs1R4PuwBp+KiI6KtVf5c1c891X9vlTw=":{"valueMac":{"type":"Buffer","data":"r9f3VOOlEszT/gFGVTdilCWkQPY6zr9S5kjWE8H/6MQ="}},"QVOa3oKf3N3NLBwedzZndxqh6UBKVH+C5O7+KJlxgmY=":{"valueMac":{"type":"Buffer","data":"poD/Cu9TC8z8+FhmM1XEq37EH2BzurKUjcfs1WH391k="}},"9blrRY0xxaIN3DeJBvCoBnWTuvSA7V7b0ebucGZDbos=":{"valueMac":{"type":"Buffer","data":"s81ujVXsmwR5PSeMtPhhgbTwHmmsLgpvrMR2T+e5z5c="}},"LH/dYMXFQ6l8loXaCpvFKf27sVQSweNe7dBpXivbwys=":{"valueMac":{"type":"Buffer","data":"Uv8l5FNnliJkqkpC0REVlcZCNPx/fOHX4XV7j5EnGQU="}},"4ATKBRagd9n2i+tcHEPfEPaxKqfhmBQ57gvFNqXizq0=":{"valueMac":{"type":"Buffer","data":"KqflJQPHP/VP8Yb6VVUBegjkOpk2RHkR8DnxVTaBG8U="}},"Y6Z+RQqp25utE04/8qnoCH3HwEjpICD30LoUEpjjpDo=":{"valueMac":{"type":"Buffer","data":"jpXczRuHmlEUipBvh2L3W4bELhu1g6T+GwDFKLBccXw="}},"eGZnJHtxEGLN+D6MuIKqZwuGjbjdCTKyWrVRdKhw2a0=":{"valueMac":{"type":"Buffer","data":"1kt0rNsqjgBQleQGrAkLfIMsUl4gshQpEu8YeZf3wgU="}},"abXXEgQQaCCvKHtVjJ6iOz773L0YMXdREP9gbIgkI2c=":{"valueMac":{"type":"Buffer","data":"tUBT9kc9PWHi1RL6aV0emubrwAlQZzRumYxZafBHGao="}},"j8vBRfbgnVpUTDkQ1CieBDGDR/BpGSORLHcROommS0E=":{"valueMac":{"type":"Buffer","data":"HKAxRHg8vkSSbJW5EbyUgAMBFz6CfSRCsMYJ/m9HiBw="}},"cD2wuCex/3p++w0zkh56vnVlVG7XJ30JAlg7GC5kVV4=":{"valueMac":{"type":"Buffer","data":"3trYN9bh2hB2OPr03pkmwfzjx0CaurV+/tif2ewLOZI="}},"BCKSd910rtsjEt2RPzBwRiPLsOM9wEMMXST8mOSdjTY=":{"valueMac":{"type":"Buffer","data":"FVpw1gnTSQh+f+Mjzu5ArwbP8UMD+k8fKTEfD/3kw1E="}},"a58mJdkiyk+thyB3rL32pHSeCHBiM3sADkcKNBkTp8o=":{"valueMac":{"type":"Buffer","data":"bgV8sk8CfNzP/PuHWrc3sEltBPoiZzZvgE0GFezw3DQ="}},"ComDtuHd9nnLLlwIp4aamALIlvnD6cy5bEkGjcb8q6Q=":{"valueMac":{"type":"Buffer","data":"1Q/OG1x7Rn4eJdagc5hyINUw+QKkqcg4PKUr5gG/eIo="}},"qs+q1n4q/vp3BWBxZFl1B/fi2NGUZJD+YJ5gD8bmSvU=":{"valueMac":{"type":"Buffer","data":"ejcsuwzdPYALlusutbnS5Dtm4Jo59HgMXuUMwP9bM+4="}},"YUXicHSk/bg2cucxDYifsaC3Co/Jy/29MQ1VxDiVH/8=":{"valueMac":{"type":"Buffer","data":"nBtO2FzFvlHe/RNfSBhlZzR9YNvO+2zeE40zidplK7c="}},"D44PaG/0QzvNw65LuQuuZqdD/JS6PO3iMhitEQBGytg=":{"valueMac":{"type":"Buffer","data":"uO+UFeFUvY1q/HftTSRM0dKY5oXmWEqkBlUscjRNm4M="}},"WwXSxrILoDjtKjH+xN/AM1GRZm3ESqEvw7fRjGPV8Lo=":{"valueMac":{"type":"Buffer","data":"8tgh/x5xn9WkwmTosrNNdN3bHcGu3ZSpDuHc77NTnKQ="}},"UGP6DHtH+YnBWQ4mGfjBsvCaWAykCRC23SKHQpiMQao=":{"valueMac":{"type":"Buffer","data":"EWEUOZa+9CB0uQ4mSgp4YHwI3WOwTD3G3L5llSsCg6g="}},"LVDTWk9Jap5RM8teCmlsYWDBLk8n+wR+BNqLMoHz2/E=":{"valueMac":{"type":"Buffer","data":"QvCmGJPj8/6C0uJtMONjasNAmWsQrV7I+rd62paSKm4="}},"lHI4EGYXdw5SUcACaiDYyNHQ54rN7nK/Vu3o5fZ54HA=":{"valueMac":{"type":"Buffer","data":"eCPuymeSdZGB4cBDeT30N51WQdn3vFfuV+dtaRxisdE="}},"wS90/XQH35JHlKdl8DkSuO5ysXr6KwhdX2vNenvXX8Q=":{"valueMac":{"type":"Buffer","data":"OTINOjia9naeQpfEyKRJu2DmhFA4ihjdwVx7bA5vw1c="}},"pLp24hScvHl61a03clRh31AD3onj9vs3JMdwOxTLrcM=":{"valueMac":{"type":"Buffer","data":"fMwEZakt8rxsu3BVQI9CvZ3BEhgDP0mI1wkgB/EaCLc="}},"LEETj4yUFBqR9/yt60gfnQ0UwnwP3WtQgoppUMfYSVI=":{"valueMac":{"type":"Buffer","data":"l2LGBJUQqQ0II8261nF9tYoHjTbSSbzmyKlhwIGeNQI="}},"CEJedQ8Q7inD2EFif2uI4LsuJA5jItYIp0vKMjT/G8M=":{"valueMac":{"type":"Buffer","data":"AFxHp0TI3q/ZniNbHbBdjOS0XKkQnXsX+j0N8k3QOf4="}},"TLKQ9aF6RZSAexn+tM6CfXUJ2mQtcLEB20xxwCQwJm8=":{"valueMac":{"type":"Buffer","data":"oC4ork1Qb9QpsvwC6jyHkl89J5XaZ8Ls6kQt7aWjsBs="}},"7YvIedYmvT3YEj0/F0xXHFKd+5RDVbDtTNvia+I1U0E=":{"valueMac":{"type":"Buffer","data":"lrqdc/q6jKXH+acccPLySxPMZ6ugCTbgCeof94JY8dI="}},"6NF2R7sYABbRw7IL1cHuVKjp/tZCjBgYFpLW7UtYz+4=":{"valueMac":{"type":"Buffer","data":"n8C51RtKBE04HXvFhSTdiQSOm99nu933A6M0gkT2fRY="}},"XvJogEDZ8o1CXpN58yBjfYEPiKl0fuJJ9x+Xym7uKtM=":{"valueMac":{"type":"Buffer","data":"QxqKXS/7NDNWmIXZd0iqcfiSL06vfe3C1lPoLJpHxCY="}},"LUlXdz+b+uHmeRAwxb6pneaMN0ghU6XuioV8Yfdi110=":{"valueMac":{"type":"Buffer","data":"kg0ei1315+6oO/NueOmioihwaablg0oR312KYEy3mXs="}},"mMal2tMZ4mipOkQzL+ymfKagNKAbxyppls+PWlWUPjE=":{"valueMac":{"type":"Buffer","data":"zLZVnEyYPXVWP83tAjZu5z9hHxfYW96PL10htXV2n74="}},"/EI2063L2ThN7ZzGI9VfIsdVqsne2VOIUnfAow/MyWU=":{"valueMac":{"type":"Buffer","data":"akm9Q3CEzijCmpoViEPx6dU6T1i5nvC9oCK50iTlp2c="}},"pVwsfPUEmGbS5PinF8lbgw1l40nNAf8ES2CqnCOrwNo=":{"valueMac":{"type":"Buffer","data":"r7qjLwcvsPwfZcFdtMr5kQ6uTjqx44ZnJh/JPrJvojU="}},"VmDnYvNNSdIyR3RyBK1u96XGU4GCb2Ckq2W1j6V+/YI=":{"valueMac":{"type":"Buffer","data":"vRIiVG4rFUyZJHIUHxv01UFQeskmqhk5rdZ0/TGHr6c="}},"kLUpkLsoFmeETIWY1/z+DsXnsHNe9tNQbqvORBr6jA0=":{"valueMac":{"type":"Buffer","data":"d/UtdAtQ2BwtCtJBvYO2uLTSBJRWobGC4Obojk3lwXk="}},"x1p/5diRhIQFA4X8ond2A7qpMySSchV9VDuO1Hjireg=":{"valueMac":{"type":"Buffer","data":"1jwSFcdGyiVTsqI58n+YwD+qYa5JM9EhR1umiDXIp0w="}},"bJGWlAsvvxeYowydktTHSVhRxLFZ6xCt5XXj3FPKgc4=":{"valueMac":{"type":"Buffer","data":"IGq27Lb3ET3Nd2JoLPnvylevmCczykfbjK9zxOul6Yo="}},"HMmbRFIsaTzD4vjuvIerOskwGWFLM9X4v8lMZjBHO6k=":{"valueMac":{"type":"Buffer","data":"LdTgshkIZ38Dk58XSyK0EmwYxZh31dVwbCHYc1gVFbI="}},"dlogURCmlat0JK1DHLy1NfSdZ9eEFteSZQZtIGIASj8=":{"valueMac":{"type":"Buffer","data":"6WoiWoOO8iELVzOrtc1I3N3JzdpWb6SjYfQwMVSksZo="}},"IsyDbRgADHyTk1rnlSPkSykCs7R+KUUrHK/rLgpYtmM=":{"valueMac":{"type":"Buffer","data":"i2l4FV5tG++PQu13sJ4YoqtMQ0NLoKaYzXoT9FCjYYM="}},"boT1ya3hFL8HRVIMOYwqS97VqvEJmh7hTPR4wXmCfcM=":{"valueMac":{"type":"Buffer","data":"U2g96IYW9Zl6fcZFc6fSOFfSg/t3JPfaIWziDAinBY8="}},"Lu5GoDn9z1KNhVjmWhuoq3nh2x5JpsJ01r8gxNvW/NY=":{"valueMac":{"type":"Buffer","data":"MzfvfZopA6j25mhiIHcMk8cA9/zJtZg5TooxQBqqExg="}},"gWy000fjSvDikyieq9HalCskOvwdOoXyN9yPHc3/Nkg=":{"valueMac":{"type":"Buffer","data":"3GHGZ/3KmtmVRTaTLeG9IFuKNwSYlDCFiojcnVyf+Hw="}},"JDhaL720kOqbLxP/6SJxpP+PGv4hi/zhk/GPRr/7kZg=":{"valueMac":{"type":"Buffer","data":"GDKC6ZD/1ztGC+BzAUSUwsVLIkWBG0ydJWZ5uU6o0vc="}},"Ty4OSlK17o00bdS9vOw0FgjXlYh2nJ5Udj0n7CrcgCs=":{"valueMac":{"type":"Buffer","data":"2MdkxQYQ8O80NHRW728O4I6oin70ssbFwgkSW4As7Vs="}},"qauGc2vXyTzpo2S7qOX5UY4IsY9yqKZBoYaLjJ1exNI=":{"valueMac":{"type":"Buffer","data":"XlUWqcxN7ei6v74L/tzdgnvbheuGJtiL9r8PsZQpGmg="}},"G06Enjrk0N08vpB3uJD4A4GYo/XPNIz7dUoa83y+Xzc=":{"valueMac":{"type":"Buffer","data":"VScPER4up5yWQKwiXLfzDrjKX0xydSU2r/LW+4BC/Ls="}},"1JroP5zaBZWfJxb4ROskOvFUeXgl89AcIvZDUPhmsIQ=":{"valueMac":{"type":"Buffer","data":"DpBv+tyECueYcZQ4YmvYH+/ercCrvzyGNmOPGpZ3GGk="}},"zJiZXOiOTZejgoRGGEmkFeEdPViO93+EQnRWmj9ms8k=":{"valueMac":{"type":"Buffer","data":"7myeCZgfbjFex/OIjhdag5ELBiTO+5V63EbCB1lf0xY="}},"Oekx9G6HqGSs/zwwRUOGKL7KAw4M/6gT5jt3dYX9ym4=":{"valueMac":{"type":"Buffer","data":"ngbuG/+N3vsMeh003u4GM0steO6ii3n45cZjnj8XQKg="}},"ybmfs+Lg2lHExEVuS7DqmJ0hCDp2F5SqyWrHpjlTa8w=":{"valueMac":{"type":"Buffer","data":"tV664Cn9dj/XLeyQWhNyFOvWg7ffQ0/aovn6pkBM554="}},"jpwTvtCttb0qPaidNUyxhaH4nE9dLMdwk7iAokmZJY4=":{"valueMac":{"type":"Buffer","data":"5NCxeHFhRssSRwXIaMjt+jCreGFm0S27pvwSR77wTBg="}},"yUHDL4ZQylzFYpkjMPRfjidDQTLuhTjQOHDP3uyL8LM=":{"valueMac":{"type":"Buffer","data":"MUe4F0rJ4rI6plrYDcy2cG3YYG2IB0eTtAjmXD48Vfw="}},"c6nyJ/UaMJ7le6BQCAPVeHocsx5k9kY3dx4EqGs/8Sk=":{"valueMac":{"type":"Buffer","data":"fJFT3MQEAchNLjilOzCMX44DF5pj37r+9q04VM15pcA="}},"YwR4qezRxnGcILryM4t9a72sR/Uszwh9t7vCiQhSZhg=":{"valueMac":{"type":"Buffer","data":"Hu/BSD44Ir0mQQTKUoxjU7OHWXyGIlh4SikURpP5pfk="}},"O2kKpVkEP3dhgIT2UHMF8qbhiK0/8IR5DLFfQSD138c=":{"valueMac":{"type":"Buffer","data":"Yzyrwrdl0cMEdMdMHGL7tUc8qGxT4e6fPOUY0HLepGk="}},"H4XnAMKSWV72V0X1DxfNfbX9YMtzLxxE0feU6MFn9e0=":{"valueMac":{"type":"Buffer","data":"tnUe1lKOiuE3lGo2bj+Uf+oigZTQdcb3b7+M59uEYmQ="}},"m5jG8DYeRjes0Os9zLT0T6NtaBbl50LRCMGLjDiqBZg=":{"valueMac":{"type":"Buffer","data":"0Mu87y24Gp4UYihOV6HQtZxImS9m4sKJ+umzLScB78s="}},"mkbFt0vpOsvJkvXxuJMs3q45u3+mM2QFE7lwejDqQ9I=":{"valueMac":{"type":"Buffer","data":"gF83kTmRS+pkgUyRFLTu8Ul+f16h5mvepYJFFr+IvmM="}},"rJgGE6H8tkA5Gio5/a8bWUL9w+A+P3F6vO/Bfhk+ZuI=":{"valueMac":{"type":"Buffer","data":"pjTXe4LMivl/th5NEdRU6W4cPobD6tQM/wQ5JwHTLMY="}},"JxMtlQ9UVPpchmaSTPBjjMtAUG8mvktxLumC/2ew/eI=":{"valueMac":{"type":"Buffer","data":"qm8F0IGDks2qVs7cku1K6hkDdKXnqPT/gZWkN10vmxY="}},"UTAKIKxgE0tDtcaQaYPGTrQ672Ffpx6FZiebJUMNrys=":{"valueMac":{"type":"Buffer","data":"7eEWKkfZM+XXHUiRQmpHPPS5ZD9XRYIMW/ieffsxSnw="}},"TKBx7z1iHGRU8AH0ntH7l6t5+ajyGtCTGkwacHGUMoo=":{"valueMac":{"type":"Buffer","data":"pgmCdtJ/mQV+Hvpeb2SJb/OcIrusP8Kr7fOM8D0yzyA="}},"6fwZRPhCcDtDxe2lYCMY/gWCJSiJUy02Vt4v8IyWJmY=":{"valueMac":{"type":"Buffer","data":"KkJYjn5TGFaI5ZZLH9HVP8ufCdgv6ZYz32T7dL+29I4="}},"pf9T2wsbVOJMSh0O4st3ciYSBCPMTW8iNROufUV+Kco=":{"valueMac":{"type":"Buffer","data":"R76tzjEaJzZvjJjRebIBQtCEcsigRrvBK7/ey7kFaRU="}},"3nQfGSUTTmCyA5M/iof8V66z2s8N9l/SKmUmZBreMuc=":{"valueMac":{"type":"Buffer","data":"l1Tmo90T2hNmtcW3KfQcCrqqk/qILgrtUzwBRLRmZ3o="}},"xwiA3GfrBYLXfI8zzlxWpNHhMA7q+JVDE+ndklWVTVY=":{"valueMac":{"type":"Buffer","data":"IUomJgH8YWEWT1YOnfTf1pcY+phjFVmtTSD3QwwhO1A="}},"BR7UXj95WFkbf0H3xNDaX4hjIRzpKw+4WnlhSPFk5p4=":{"valueMac":{"type":"Buffer","data":"qiowHJ+68HCPh4mjpoPPQUNPnjuxsDSoSBAH3Vm/wZs="}},"mE/OllH3u3fBiaMkxH5eiKoILha+MtVxOWgRQg4Cn+g=":{"valueMac":{"type":"Buffer","data":"7sMnnk2LvyZWKJCpsQqyuytD5IzTTCiXlwcHc7dARlo="}},"va90hRYvOrgyDsCjwvs1lixMZCFhb/BnTdwuVcHe6a8=":{"valueMac":{"type":"Buffer","data":"ENnigHg7PmCO2vB9dkhnB0YzUC0xwzhapMipMmS1Di4="}},"UjEyDCmTLnkLzPlnNT1nZpYXnQhmksx/YeJYYTNNIiM=":{"valueMac":{"type":"Buffer","data":"/pe+Hff2Q6swk08excF2TWqUxVmyoApxb9QD47K4QeE="}},"S4UcrtkT5MmZ1fXjrNbwP33rSp68CuDtdUxdcGmUJqc=":{"valueMac":{"type":"Buffer","data":"n+NiPxrachYqnpU7gDCnlMbd+puqnt3oDVnD7U8NH34="}},"jfOYqzdsmA2WSNy6HWUv3jy1ZjhKkKvg5InhVY0INM4=":{"valueMac":{"type":"Buffer","data":"VIXTvwe/YqxprWdH4ASkitLnyuuDWDkH1cpm8soYFbg="}},"j5w51PS/76pGWPssFNMIkEVCbcFi813c3vJNRhA0Uic=":{"valueMac":{"type":"Buffer","data":"qXTiNwsNiTNY7tLEnVokpGrXP20WnVSr+h2KiAuJAO4="}},"FwRciyRyzVTjsKb9wsEo+a7yrh6SVKV1exFiYlVPlrE=":{"valueMac":{"type":"Buffer","data":"0EriXaNjRH6q5GAzADXvI53sGWuP1IzhWg2t/Ge8WDc="}},"c6SGy2NRvedaq5uKGP7fUxu9sRWxO6+QzL24AMuur6o=":{"valueMac":{"type":"Buffer","data":"rMM4h4YcPsCmLO2/hPWb0MzSoIVjhcVAC3cCAUBeXy4="}},"fdN++rzEZf2q5jUVqb9Zuzc8cGtUIGt5RW8FPS03Z8Y=":{"valueMac":{"type":"Buffer","data":"X9Fi0622lrDXz/HBkXPe1fMez9yBcbA0yUJo0lLNULU="}},"+mKazedD96nQM1hU4H+1+aJm/ozQAG640ecexUqhiF0=":{"valueMac":{"type":"Buffer","data":"+vSYRVOuTkgMV8U31f9HtoY4/ucaVf/ew0cIaBQyVWg="}},"d5IIPVrYwEzuq2W9rS4G8cMyvin3EIkNSh44ms9g+gg=":{"valueMac":{"type":"Buffer","data":"0oJ47EUZNAqWGBwPtJMDWjNuJCpMXkpZEx+q8yGcovc="}},"uvP4uxYY0RcZhmQJiJxJziX6ZH3hxDC5SRhjN3JnJUA=":{"valueMac":{"type":"Buffer","data":"DtfPprwF9Ml9fnMXDyWGQ7hWy17syIDsAtTtwwfZ7SA="}},"5oz1wr90Bkp8St/0UD44867bwggTyC1ql5TPT2Zsz1I=":{"valueMac":{"type":"Buffer","data":"qV6bEnd4XwVvUPso1W2Y+KFpPZFfN3hu2wYIcHD/Fb8="}},"TvW7etSGiWlx7FUy1oLLhMhnVoz56D1a98RxJ8l0IpM=":{"valueMac":{"type":"Buffer","data":"TZ6TI3c+RUZYs8XPDVleoHlQFXoRKDSoTqvv0l+39Ic="}},"/UY+z1h7WCbdzcsQjjuneU1Xs+7rf8tk8GjgCV50Oag=":{"valueMac":{"type":"Buffer","data":"RggdWKnY+EpSxAxVXdpoTfX7lny9xPQ0R2WsZCeiTPg="}},"d4GGIkZ7Se2pP2+D0QLsD/XPtmVXCCqt1hDryFZCPA8=":{"valueMac":{"type":"Buffer","data":"Ot1krdqdaUlQM/o/bKG/VRSr60j0yAhMzsz0TaJBS5g="}},"pNpgdUywNxa3iJGPbbdnjvwRDiQSIHW4lYAAfNZDCds=":{"valueMac":{"type":"Buffer","data":"Kv0q8lds6My41eAdUDn9tUYTFkkYTkShtB14W/MdxgU="}},"4Epcw5r1O0tAL3tlTwCJeWqfO+wo3SCSSodnGUfG3gE=":{"valueMac":{"type":"Buffer","data":"Jn3Afw6trrfzuegGLMiQdSZDbNIXlXxLj/KGbvPCNMo="}},"F5nCtQL/+ATphmSNk+AV6gmBunQ+3qeGYvi+BhN+VIs=":{"valueMac":{"type":"Buffer","data":"vuSXUaeQMbRLCjakXlnT4KZmJVYSHVfingQPpZaG3ac="}},"URhaCD/hFmeP2HdRqhHCY5PLeaJ6PtYQ9m2Y5hdq9Gc=":{"valueMac":{"type":"Buffer","data":"yXd3F/H99RJJlY997crw5l7eJ1TVO2S6QooGpLxabWA="}},"SPGBnUnQavX9GKTbctEcM1gGlL7v1w+R55gCmar2ctI=":{"valueMac":{"type":"Buffer","data":"kn/YW1yAbNe4U0kMZXdNKf2pxskFoqExCy3SYB8gWLM="}},"mCLjekCiDnE3rJ6bAmiHFHKEnmhDbdO2e4K8sZOLvZ0=":{"valueMac":{"type":"Buffer","data":"8ZNE28nuiXOsVKWZdMFJIVLsyMuMwdlbewhId0WSsg4="}},"o+hJOdAi5coEsvrDTKIJLIpea36E5hNmV5RTPi85xDQ=":{"valueMac":{"type":"Buffer","data":"R6tyTtjaxr6o08so+iUY0e2ca1VXzQCOtPvyHYCu1/w="}},"Hf7OoG2FbV3VZhnNYM1eZfOyvk4l/dcXMzCfDQqdcMI=":{"valueMac":{"type":"Buffer","data":"dY9z8kUezGw8I3lXpWWNcgxei6PElyXxnZV3Sb6KN0o="}},"5ExNwwsIQ6Ce02TCE6xQEMS1oyMo2ME0qWVy8WLjDvg=":{"valueMac":{"type":"Buffer","data":"h1yC8Pn/nIrljYxRktQoNTCPTg4dxAUu4z632bYf9FQ="}},"P3u9QCj895oZMv1Y21gWvV0pKmqoytQSKkX32Xg7SGM=":{"valueMac":{"type":"Buffer","data":"MK7bVfMtAE3Opj7ATVdQ7tfYPXRA5GowLA/NLRiSRRI="}},"u8L6ki7g/mNcz0EA3f+3y8iX0e/Wi8vk7KfCe5//USA=":{"valueMac":{"type":"Buffer","data":"XFk92qVXtrah44EgVY15GIuRSN+fd9UWjfU0dlGHjTA="}},"/TvLs5/Uz8QN9hgRr/s8z7eE5yyOzSbKO0PtPSn+AX4=":{"valueMac":{"type":"Buffer","data":"EJlFkKuvMPKsCzOAzkw40+mMDcXzTW3e99SIMhTcD80="}},"IjV3JsIZFdhGeFAmWrhxq0MO+NK18p0EJCDeDzyA1Rg=":{"valueMac":{"type":"Buffer","data":"JbTfqQ+FwO2iQRlcMQbsUbHEskim/ynG9BeINCrvP6k="}},"2sS9eZPpZ+BW/mqsy6sZ1bjoOVUZtE2mjNc9ijOmbtE=":{"valueMac":{"type":"Buffer","data":"Q9bVTBAgNjWwfhhSNBV+Yb2uLqt/kfjylNH1k5QRb4s="}},"q+4VF4ZpVwaxcyXQS/nWMCZNMyi01/Enz3xHSDixyjw=":{"valueMac":{"type":"Buffer","data":"IFWfT3wfWsiROUm42xIAkeXcuA7djS/lBll9rf7ar5M="}},"oLKMEkpe2EJYvVNLJBqHejNYZlaIPZfclQZJGkHvKYk=":{"valueMac":{"type":"Buffer","data":"WSceMrUuBTpqKy0mXFUw7eQ4obS1kyirRMfqfcci80M="}},"ZLajQlM/REby8V5pFQe96lswhuoSUGrrjw1H6m2R9Yw=":{"valueMac":{"type":"Buffer","data":"AglfohoiUB55KCaGE7uuVoHSR5XvJWRl0HLIiyPy7qM="}},"8vmBzakYGwPFPbrDqAEibOB1bpwns9eWEfCvEwdFosw=":{"valueMac":{"type":"Buffer","data":"Rf8bxjR2zWXR/s9AVFi1FN36NVhBub5EfwP4L+xf8pE="}},"flg72xFK2n/kb/vP45pCl/gz2U/kT3hJRZHmMHZLbAs=":{"valueMac":{"type":"Buffer","data":"/RLjnwQ4viPpM7FA8wKVZgrWk629Er0OFl6th55+wQo="}},"1Wl91EQxzeyShZHW2O+u9uNG1MczBnI4p4m11zCb/OU=":{"valueMac":{"type":"Buffer","data":"VFwgbKPXP4crLw0BVd0l8pnAAbf3vhuyOXVT3yF3rog="}},"OCPCPhkVk5EzclWJzpzdHQD9M4YKMeFK4eCLG5ea3Nc=":{"valueMac":{"type":"Buffer","data":"cQ086tFAoM4Fsu+qR/lBq/aN/d0URAg+Zo58tWV54k0="}},"heb9DSfTkR0EJND0tp04VieJ8aWGJZp//9Qozo4iBxw=":{"valueMac":{"type":"Buffer","data":"nf9KD1POWbVA5/WXhnqB7C1LF8YGA6xSeaJGdcswj1c="}},"cJG1TcYN6K5qUu0ge4an79VY8R1phXUjEYtFVnGrII8=":{"valueMac":{"type":"Buffer","data":"nE3GT+abtuBE+OFDDOwLoulEIPse8pAlyOHbSFClq8E="}},"kH3KRYH3tIAy7zBoLOFXfbtD66CVKpChUoZgDkFbl5o=":{"valueMac":{"type":"Buffer","data":"QT/7W8LCMW2hNdpgYvWfv5vMaTL1Q9s1EGxeVI5XAJg="}},"YiGFRaeZ2FIf0Uh95C5P24jOkiJOtcA/yDHFCSYABIU=":{"valueMac":{"type":"Buffer","data":"qAE2u6h0RnIHoavP3JiGFMBL0/lUxlk3+mc20O04wuM="}},"XPB1ecBnduFwkoKQzictfbA5ycgJDNB833F/zJKzuZc=":{"valueMac":{"type":"Buffer","data":"zPfVUhWoZILiid3e5GyXdK8++cjLfkfcmqSXmT8p3lk="}},"X65eOfHGLSyegn4MLkgTWo7MjCKiQQVlVlh9ZszkpkA=":{"valueMac":{"type":"Buffer","data":"vQnUH6xzvdrXBE0zy3o7iw1P5WeT3G97q1DFDy8AOD8="}},"AGyouvaLV/RUoOAmv+mwUu/DdF4D0TIOnjEY0GhxYBA=":{"valueMac":{"type":"Buffer","data":"5IRCSiAvtojANoCTUL22omiDaumXph5Ah9ySWJadPlg="}},"Ei8Mn6zHEyae0fyGfCVM3BiISFEuBpWYoSCeKPObHTA=":{"valueMac":{"type":"Buffer","data":"raN7aYrpn2EzDVP759pnOTHnQPQF8xiQYuEHGGl4YR4="}},"KvZV4oa4Fm8wMyq+3yelY+xsIcxKAybxDsvuMY5RuAU=":{"valueMac":{"type":"Buffer","data":"hGDms79CDkJZFYwTLhbJ+WKpstVsS4CEnYqrMaHWNiM="}},"x073aEdv4hp1Ir8AHGA9ZlAzsU43HXHsUbg4IARHd1c=":{"valueMac":{"type":"Buffer","data":"1uCdjV8flxyvnSio0HfKS2xRJgIjQlHHt4o4hcwKIXw="}},"nSVWhcvXGdnywhEZ+8x2TkzuYEhrqjum6tKieUjJtvo=":{"valueMac":{"type":"Buffer","data":"NhsF/agx2WmWLQfo+53Em05t60B2vXrN49TGirITbHQ="}},"L59BKOebTaOaSc9nXXpq/Q0rYCrBrM7tF7lyY1u8Lss=":{"valueMac":{"type":"Buffer","data":"4nGdkYf4qy0DUNf1/Hg6eBHZVISB6C81uJUWUk+dwN0="}},"0QPZL6X5T5D60VKzu8+X4zYi36B+QqfdyuViMGY3zpQ=":{"valueMac":{"type":"Buffer","data":"byrnXN0rU71NOzUfaiZxmutpxqk5LmNckXatkeSV3xQ="}},"R75/1lThZ3jYMONnLB17IvGptE0/ivyLOu2Kpf1ONPI=":{"valueMac":{"type":"Buffer","data":"BBo9abf11uiaMN3z0o5TAtQ6Ei915GaCwhbb1+m3wlM="}},"aGaBU2D/RKBv1zZW77sZBb5Ma1ANeOaaOnhlOop0FjQ=":{"valueMac":{"type":"Buffer","data":"kSEr0onys0/Eqy9UCqnZxQ+QDq6fQuV/MMsCkx5bJGA="}},"gfk/yDrFyZNuVVzPEvwb9X5e+ziw7pAbArSKsqeaPsA=":{"valueMac":{"type":"Buffer","data":"2EdEiLH4idVDznMEGVDQ6hzTIybB0OlWgBrDi9O2taE="}},"QU6dBi4YoG6VY13nlrzSdQ5PvL37t5Q/bgyrSRdJ/2A=":{"valueMac":{"type":"Buffer","data":"dpsPV0IbLDP5VNr8/YApeLoapqeLIHVgNuMmswqKWLs="}},"H5XibXnW26BRxRFPsvImxiwFDGZRi9/GmFy55O8yFqE=":{"valueMac":{"type":"Buffer","data":"pre94+2C73I65KE9KQaqXMX64uYjm1cFn40O1Y2ItKE="}},"DbQ9rki6ZVz3pNsi4YEP7z7LRU+SuHvipbO4doc7GZA=":{"valueMac":{"type":"Buffer","data":"Gu+hw71JZdVdMYNm8ca0SmOrukwq7ClRVfRjpnrPtTs="}},"S/n0OJ7dDdfDxQt/99+TGZtrsPD054DQQm9Arn3vMr0=":{"valueMac":{"type":"Buffer","data":"D0dTddSxDD/Lc2dZ7KQluqKk+qm9Sk3xCkhZvB6zkOE="}},"feep/tue+FbKdPvyExr1qwKlCdJaHPR7kOZ0lbeqwaU=":{"valueMac":{"type":"Buffer","data":"IAPvnYfG4heo+vf67NDxRJk4q+J+1jNuT7/iMQFD3Ek="}},"9tqfGRKOkpPymTH7z0IG5qRPUSVjiiBOviH/LvxGhJE=":{"valueMac":{"type":"Buffer","data":"1r94hxlM0wXUjUbsflel8n5JUhKnmK2qGV7k6newV5w="}},"iKpzVErSvF3MxgwxSXs/IuQ94e9sJUozu3hsQZyi70A=":{"valueMac":{"type":"Buffer","data":"T7QApbCHQ/0b97Y/VI7lwyqk1XD5cj/NNoLEVSm84SI="}},"AMXtSB7HZ7h3gX2HLsESeFdv2d+dTupv/xJl1yeI15Q=":{"valueMac":{"type":"Buffer","data":"qbhdn90UOvXW6pUMpfiX/to87TvWToWLkSgEjkHIKqI="}},"Hx7gZu+beOSyNoZ2kGtT7zOAewUey6uGTCQfUesJGRI=":{"valueMac":{"type":"Buffer","data":"57g5l3vDqk6lKs7N5/A2zScqHZiJuMWRBb9TYWvHmFQ="}},"Kb2uopVoLtAsMnB8piS4gi9bhitziNId92g3vQWi//w=":{"valueMac":{"type":"Buffer","data":"dvQKrwb7wa46h585bCT2Yygo7btWdcYJA1pTNaQ6X9M="}},"WSqvtQlqpxBLRKb/uLLRXrH8zrGJud564Bw+48tNmHo=":{"valueMac":{"type":"Buffer","data":"lDB4vcCl6pwVRP+UDQ1aDhbkl0fkJuLEkpPWo7nfUQA="}},"zJf+iwbf5pXmPPW0AVD5dkBSqM2cSVQSdu71Wxozykg=":{"valueMac":{"type":"Buffer","data":"An00fmigabdC3wBcC7o+mt437t/TGYooQ8+sUKTbhYc="}},"ZaLSjw2U5oIvmRgjkrNMGXwJuZvXt/cEl11U0Q2Swrg=":{"valueMac":{"type":"Buffer","data":"rTzp5g0svt5q/cC/0wKc+p8YpqARW1nKAAzJmI/YBnI="}},"vdQr3oFPtrRomuvrYe2tZPCNz+MZs7KIdUVjKSYKO+4=":{"valueMac":{"type":"Buffer","data":"Ndz1do+N38ap0EcjwF39GB/Z+/4ZpgnHqRUyJpQd2hg="}},"6nIskxFzHOA8g/fvf2JS1au8sUTxm3JMJQQxGxcB7YM=":{"valueMac":{"type":"Buffer","data":"D2mADgHYzIE1rGeONIthHHnHjBtW7AoIxOStdAYbHvc="}},"IJ6rgoBuvT/wOEP7FK76ZvDwybV9e2ctDuejd5W72Aw=":{"valueMac":{"type":"Buffer","data":"yAvAb507GtJUJ/qGkc5fAFYiv3ujqzqtLDo6be1GV0o="}},"7p47hXGdqkERDpzYkIurbtjSJK6vbuyp702AUm+3uFw=":{"valueMac":{"type":"Buffer","data":"szrxoYJUqtYbRs5Qq+EZsfEZnSmjpqWM1Zt3m/1EmbU="}},"D2Ogim+K1q8KiuRIRvdWqgLsFT54EhVlXVmyqKm6YFQ=":{"valueMac":{"type":"Buffer","data":"Jf4JGqXJGf6CWOGadhC/EbIKInT/VfmGUrTB1V9Hq38="}},"Mr/AIvOdo4EogK3HkmmY3qsSt6YLS+DdV0rDKY+5CbA=":{"valueMac":{"type":"Buffer","data":"rULfr73jy7ubRzFFOUtLnTY5u/ujYZZXvenlvkjsEmk="}},"8D713bqRycia555wlBsATMAXeIYlWEATs++2hjRPYxQ=":{"valueMac":{"type":"Buffer","data":"nuddSBmXNb8i+DRQLBoBmMQfCy92YRlgB+IOlGyC2v4="}},"Z3ZZuOzRYWEGqEiX4V2acwRQO3zATThpyltx4OX1lMo=":{"valueMac":{"type":"Buffer","data":"xrYrVS4Gr2srtHHBsKt1Yw7AZHq3c0Fd7/kYekiHCa4="}},"f4XECd0fdzCXd+cnPSwvLqwJ5njlnvqcjBVTGas8sdU=":{"valueMac":{"type":"Buffer","data":"IvPqX+xoiyN3N/0r/wTWfYeUeIx1SSU5OZHBu8JhgQQ="}},"VrrjVNDopiHIDzgVic2uxQZgBP/TiRSctSgzJoCSr+A=":{"valueMac":{"type":"Buffer","data":"8gNUjp8RenONIxQFfE2N2fMBGPdVlBDykb/AIMIM6V0="}},"a1ECnbEos6922H4o0E//rHNhG/lb9JBQ0PInvhTH5Cs=":{"valueMac":{"type":"Buffer","data":"X7RReRznAfhpehuuyvFvqDhqlff9Lk4yz2bkKB0DDfE="}},"U1xQ22/xJmAVQTe/XhkF1bVAN29d1nrGcnt80ZrZm58=":{"valueMac":{"type":"Buffer","data":"08p8FkvRRpjYoQ7wJbnfYUjucWegsFL2v99NAo9lm8E="}},"6U7qRihOdAUixmuQZtlFJwX42USiMy5ji8jdN8NzfCA=":{"valueMac":{"type":"Buffer","data":"+grbY9OtbVt3hMoLIjnkwhWbd34qY8uEit3GDeEZa2k="}},"ZDNvfG3xNSdT5HtKdI7XKy8mR56Riw8fLZ+L9/B4jXQ=":{"valueMac":{"type":"Buffer","data":"ErFPw8zN3mgDBQjfLWs3vifyl9+WDI6NBK3yLr42P88="}},"eqia9GsE/C5ZEQvye5Si7it7Dg2m+4ZSKxEy96TLRHI=":{"valueMac":{"type":"Buffer","data":"wIdoQ4j6EilfOOIaZ1y+h6HDsiFzkiBnuIzY/W/AHvU="}},"u6ZwexbBeR1DUACjXAt6IkMFD3CP76ygnxqjE2+YBbQ=":{"valueMac":{"type":"Buffer","data":"cIywGyoErJFQIAdNheu2ANESybR52h4EFFcIIM4+XTo="}},"0qIx+aTZgBSNIGBZ9DQM/qDjsWHEPgpvzIOL7oTA5iI=":{"valueMac":{"type":"Buffer","data":"5Iu9K21ALPSfcoN1KrG+1ndwzdlEkbMFFpeRfRBhNJY="}},"m2ZOHywNh/Nv/itiVvDyrc+4Gq0f1ihu2NXo1H7WTnc=":{"valueMac":{"type":"Buffer","data":"pY4wwwKwfRj9vqgIBOh4rhWU7jM5GmD6hnc8FymzUsQ="}},"4TJEK8P9zWLR6UICKIjDZ0EIeoDHw+Ughgs6cr1A9l0=":{"valueMac":{"type":"Buffer","data":"tvu0SntZ702x8Zt1PCGtCkZTzLcMAKv0oN2BTCulwg4="}},"aIXsAmXMOPg164f5o6RmkjdrklBCEN5/UNp6GYZLNOU=":{"valueMac":{"type":"Buffer","data":"niBicOtTrc0s5VhNMXHTce4ntCSV6zS6Pf6lTvX2SQk="}},"+Ulc6nvmb0G83hEv6cgF1+I89xOZ2qbV0qbOBPigdfI=":{"valueMac":{"type":"Buffer","data":"n6XZN4vwUTUZR+5e8RZdnUlOI0PjDOMi4+7nHMJgp6A="}},"pPKXGy1w+h/fzeYZQ/rNFDa/S6JQE6XmygJHttxpkas=":{"valueMac":{"type":"Buffer","data":"KFClRSgbTKwMzXQVtEd+S+K0IwmyrmPYtRCRVNVHnfo="}},"pioDUflwjBVdAtkCboJMQKMHGAHinuIKnmTFGc71tKs=":{"valueMac":{"type":"Buffer","data":"6XwO+WG2LNOooDNrEwPpA8ZkmZR5MUlfR8/OcGk7jQA="}},"VYR2PoYsLTFi982Un127JatX5Z1tldfC7ZNi/jgEwrQ=":{"valueMac":{"type":"Buffer","data":"VtoBGxOGByFuADRhqHt9soZoXju+p9TQot5eGOsfWRw="}},"kfOgbsrxGz4wYKXlhDczRVnk9PAKuqaJA/zBB3c+s2w=":{"valueMac":{"type":"Buffer","data":"iPjIEvgZRm4IjPJCFNIvFuKqKt2GfYhsc3mzy41wdzM="}},"cwtDgMnLpecr+Qp5MOYwe3pDOc6be4PsB7asUfO/0Zs=":{"valueMac":{"type":"Buffer","data":"eZVmIpxS6JjcUxPKY9c1NtHoRiVRs7AdnQKtl8bUzng="}},"yhoLNzUzfTNuTpSbNGylgKb7qE5mnFUs2FuISK2RNpg=":{"valueMac":{"type":"Buffer","data":"W2RrpoT6Xu3c6NcXa228BrQwKi9IzwovbXfzfTXbkQI="}},"l8LrNtz0PWhzCnj0M906x6Tm7FdnKT/dUYdtPiucRMI=":{"valueMac":{"type":"Buffer","data":"MdjKuj6DGCaIj+WEGy1KS01WF9mTBoOqzoWx2ChFiMc="}},"oGYXGUIpCaB0Fe0tDtNB0cmmVMYwnFHE5EnnWz0JT9A=":{"valueMac":{"type":"Buffer","data":"qXrGATeP/UsU2/XP8MIdsEy2/bbH+LZz4kBqIi2ZeX4="}},"z8830+A6H9kkvXexBEF5zU7JMjqO/ejuvCu3GYTzD0g=":{"valueMac":{"type":"Buffer","data":"3YRr2ZbxM+P5vQDDLEWfuoUNJUSuxeT47zuBJvyxHn0="}},"Yv9C6R3VDtvqUXt6Xb0YIlvxpQ+T2E4XUvQwD843xCE=":{"valueMac":{"type":"Buffer","data":"LW+6pKAxMK+YPeqtSPpCR3nS90odePaTzm+di6wB7Qo="}},"bWTWaahk5MxjMDs956mj8ukwWkDgASAsvo5QDVAqDkY=":{"valueMac":{"type":"Buffer","data":"jKpu5h/oht3kiAdeITlXQAcG+/NRTGeJXmgdQOBNcVs="}},"a0Zrne+8fbIJQsvgEuFgFfkDQAejdQi9UZIb5PVktMI=":{"valueMac":{"type":"Buffer","data":"N4cKvhZcSadmJcAGzXvBKkmAWzaQpPXzyXLB/4bS8fQ="}},"I61dgWtDk0O/X13w+2NCdKzGyHgjU7cXd432iEsNHbY=":{"valueMac":{"type":"Buffer","data":"gOLsQVZg7SUja3WG4pOQkLtsqzBEDlsUIBZ3dqutL2M="}},"0mRa9e2pKRmQ7AxUSfEoMJMBf7QIe3cCQqZog/eBqe4=":{"valueMac":{"type":"Buffer","data":"SZGhEBrcxgoW/lPuIMZoD+CggtOIKmJ+yiJA4yxTzBM="}},"OKRDV5bKAx1AUhrocecB+mcNQYE7tHQ6WZrOjOBEVkU=":{"valueMac":{"type":"Buffer","data":"0YltmX4yBxEwooBxixV8ceCyg/2Mzb6eEoFWZlqEc5g="}},"+scns8kMv30Et8vl/hjH6osOv4jKoJUTfwbm3u8uHmQ=":{"valueMac":{"type":"Buffer","data":"oSx8ckWfvxzPRQBnkxjOYKZ+iixxhjKwVohbjWZu7v0="}},"GjH1HUAAbILJLFs0llBIYLyrjj+FQzw9Vx+44lUwFl0=":{"valueMac":{"type":"Buffer","data":"e57uoH97XycHLIHBUjaSm45yxzdFBhBUIRG6OB2LFxU="}},"cLCa+i+m33rp77Yz/X051qJgiRR40+jJS3d05AxYofk=":{"valueMac":{"type":"Buffer","data":"ife5H/jHzTxLOD/HgM07jjbtkEKRUEP0IQP7Eu1k5Qk="}},"C1s3nIe6oNAABEwfxPdc1qLu8BkFOWmEgALdiV5nDwE=":{"valueMac":{"type":"Buffer","data":"A+GpCsT8Aja0FMvczck9joL6RlxBghORkjaLbEroY5s="}},"9WSz3FA0KyS9Yx6paQGMb9dRRPSMC8M+cImN8Du/L5M=":{"valueMac":{"type":"Buffer","data":"VsCM2JMy+pCIiHzN/VOQCHEO5OHuXulkZAPAI2n/nDM="}},"xcDIdoDKw2xctSUEUc2zIqhf0oKxI3r1YvVPb0Ipz/k=":{"valueMac":{"type":"Buffer","data":"AUr84ocHCtYXFBK3AKO94xe+ohLUu2XdH4o4vZgTKs4="}},"cvwMIoRrI/C9ufr9Ys37pkBKDFNrlli4n/eNVImd4O4=":{"valueMac":{"type":"Buffer","data":"363kvrhfZ25bmm7XGpySVhVvatsVNCodbxJK6A4tXJ4="}},"DBTN55Jxz38qhhguEd5tJ6Z7s1sfy3u8h7ERcEDmF5g=":{"valueMac":{"type":"Buffer","data":"qSy0qp6KtzCnJmZ8Fpppk8+qXcuNPkuuFAna9SLeuto="}},"EDS1cM1T4d0X4wTP+G3BLMGrOsL817Xud3sPTfMVNVw=":{"valueMac":{"type":"Buffer","data":"Is+LBwomZG2LMgh9I2pUzkztxGSzXnpkv56+CtOclBs="}},"gUxANElz/lePRZTEOkMf/sTrXro3ZbsD5lxiXFDD/Kk=":{"valueMac":{"type":"Buffer","data":"NQqS8obRNXq+HdeeKiduhq9iyaTwafgw8bq3+qjUCvo="}},"6Zfe8n4fgBirpmFkQr/H77lCElyuJ0qDGT+jGtnjHCk=":{"valueMac":{"type":"Buffer","data":"xbZU72uyVFHQAdpGdfQCTIIaXYM36XxQLUkZmC9m4aQ="}},"tExtPuiKBjKuStZ6Pn3hTk1ASyAMXEs8vhjyH8qQpOM=":{"valueMac":{"type":"Buffer","data":"zc6IBKDd22YdgLMv7njOagiPksp3qfSc+IF/0wgCF3Y="}},"z2WuCq+jEdxTSWF9rqnJ9HUHnJ3hK9c/8bNLuASYL7E=":{"valueMac":{"type":"Buffer","data":"HzFPaJtPZdUFO7YyuIZQlSbQCKoc+T6AbT+qyohoznk="}},"/oRi5qJvBOldQshKnyRStUR3k+zTCyQh3mC/cDYF2NQ=":{"valueMac":{"type":"Buffer","data":"xtympUuxsmCDRQubcDeXDvXC56XgB2ZjJcVcNMjXnm0="}},"N/HxK+79Wt/QIKmD3DKXeRRtlI1ujW3Kh5J5RDfqor8=":{"valueMac":{"type":"Buffer","data":"XyxycGfrFKQ36po81pHOjbke6E38RHEoWNW1q7DQ2UI="}},"OJ5mIm7Qpw0yAEMiLPf2xOYVgLKcUkGsKivKsNzhQek=":{"valueMac":{"type":"Buffer","data":"iA8J2DCj79I/lPgbpZP1iFGvfBgHpQHjyNq51kaIp2E="}},"XhHAjrs7vOKtCySmg2V6vLit16VcxcWCjCdaQ87qNwQ=":{"valueMac":{"type":"Buffer","data":"OroW67wqIDzkY/GLzpFn/e3K3gM8Qz5LFnFzX51OYa8="}},"iK3HW3UGjPAHN1BGTkg5EhEIQDFytOpB+t8VRi/2ulI=":{"valueMac":{"type":"Buffer","data":"FRu0llY8UKZ8l93CFyCOeRbE6hickw9pa9XCdyxBigM="}},"9+j2r5RvmhYbfzK3c2kdm5VH4cUQCL9Bhscqccjd9As=":{"valueMac":{"type":"Buffer","data":"feqq9jbPJbxjuOkr6L8Qm8Lf/gV6Up36Ab0TqJJ1+FU="}},"qoYMw/U0BNuIYllzZ55gSP+pZYAuUUarpLJcm9aTrRo=":{"valueMac":{"type":"Buffer","data":"pP/SLGaogMnqYZcSIY6lFIjIBgaLr5qY7oO79awjKj8="}},"r68c5k+N7/KQ/9RfcSSD4aRWfMrSK+XGMDKiuG57Zbk=":{"valueMac":{"type":"Buffer","data":"Ur3xUqZFCZzoP7nU7Z4V0iVtjblcaNfw9ogxzRt3Ahw="}},"DiuPO939EC1kzZ7fKilrEdpAS3amNHHqwUKPqetbgpY=":{"valueMac":{"type":"Buffer","data":"nr9NgurvX94m+pfeWZX8UV/LyI+yi4imJhgNj7A49ME="}},"KiVTp8+omQupzxYBBDzmKFvygWNKLH7f79yhrmz32+Q=":{"valueMac":{"type":"Buffer","data":"m1ckX7opYFoAyS3srBfKSbUMeLS2Yha9/vVndRmiuik="}},"VTWwUSguO/eye5EypA7tGZTfwR9gvVDv5h7yxGGzu+o=":{"valueMac":{"type":"Buffer","data":"gWUncA40QqNFR/Vhg4VuY9gSSR7R/8svkbL7wYK2CMU="}},"PBd04nCWoSXXxZk57qnUpeeOl4I6naO10dOFvk3rEzo=":{"valueMac":{"type":"Buffer","data":"M6ZhS4ecqhcXTaC+5CFdm2Bw/4NSS+GkM4rREB8XT50="}},"X3Bu+0A1kh1oU+QPz1pOd08oCUp3h+6hTT2Kfe8vAkY=":{"valueMac":{"type":"Buffer","data":"rNWm+rtGGS8ZEGLdctsEgNpDvpWhGESHqJGOs9Dsg6g="}},"F80wKCI/IGffBPTNeKS6U4gPJv9x0ZvVWOajEZwwxZk=":{"valueMac":{"type":"Buffer","data":"zVFJcEBvxOmWtemNXPP+CTdRBMbbFeAVWFV8r7nQIQA="}},"4ZKhNEsX0XogyDFbSNvzMvKb1RmMw6zGIN81EbcaEkU=":{"valueMac":{"type":"Buffer","data":"T5BNdG0EKDXjHKAm34NzWIFq7sm1CPLi0vpjKgQFTlQ="}},"PaERrjmI1Mk7ToOET2Mlu5PB/Uy8/xTXTEf2YiqbcCM=":{"valueMac":{"type":"Buffer","data":"jo3TzJSgLK2eo/P8IIGhQBJsf4yeq5nmt3iXOOED6Tk="}},"30XwiV4ra6sx/TFkWj5eLjwV3VFhqTBazx28XnMwoec=":{"valueMac":{"type":"Buffer","data":"Pmz/o6VoGXw+NMfnaxnYCAgF3GlWO7I2Ri0Dp99VW9g="}},"r2t8PoaqVRcuJ5pD/17kFXBvN8azRvKl1JYDP5Z16ek=":{"valueMac":{"type":"Buffer","data":"C/rEqEBEU2+wq4mUBWZORTcZxz82C4NVZiyCMdE5uho="}},"2hZEt+zU2Xmz2W8Md+qQ6W+G+79/AaGMjk856gzsg74=":{"valueMac":{"type":"Buffer","data":"S6CVJj/hRWnpS1cBAHOSy345b6LDeCBpHOCTHglDrLQ="}},"2WAVrSHxuYIj2hQ/npAV3e+oBknc7tdEZa/2z3QDmes=":{"valueMac":{"type":"Buffer","data":"rSix66ynKo4yt5muPz+Ic0G94mO7jlJ09+d0ZDIuNXM="}},"DEXLWKKlmn2VkGv4NqIkzlkaWTienk221csw2Q3Ed/w=":{"valueMac":{"type":"Buffer","data":"vmU+7qFplvwqqcCalW6uMSigigtrGJkD5Uvvw/bUEE0="}},"ZI2u9VS6S7hYj2bTtkcVv3HvErLwU8vVtW7B9bIz3h4=":{"valueMac":{"type":"Buffer","data":"XSrXtWZ47hlITBvMO0ic9nHoXUjR7UpBCNstv6v0zPY="}},"It/0/pOPjwdCI9u/9pz5pvl2g6EWlsgNSDIXsI+pmBE=":{"valueMac":{"type":"Buffer","data":"faZTCk9hRh+OnsM8LdaTeShfi8UdxlFFvdGE4Za+KUA="}},"3T2dJhk18CeplLcQY2Vdb7upX/7kgbSTEKuKHBUfVbo=":{"valueMac":{"type":"Buffer","data":"QYKy70tj/lXJGygyDgMHBUE4qZ0EoXpMiaxlWmAuQrs="}},"vjKEth/wDcQaqQh7cNFfQmXCCX9gM8w10ooJqPCvnmc=":{"valueMac":{"type":"Buffer","data":"kgSbZSh7E8oofdEFrnSB5Wn1tkiUjzAKnsTCQ/FiGXE="}},"bau+NMPu62PqWE3piZpnSCmHxXDc4ko3kWc9xJVVZfw=":{"valueMac":{"type":"Buffer","data":"cJMBxEyoyiiY3u7e9bUV0VtlkHanfovN5P7xarhrW/8="}},"poo+4XL660ubuBUylwhHJhhKICwduHDpPpAcHZeg5/U=":{"valueMac":{"type":"Buffer","data":"JJx7TOANOkFENq7Q/jonOFiGqHsApifDY0ZkK1jQFg4="}},"I3zo36vG0Y/fW2to8eQsqd1u5YQ0HhdkEAnjmRxObcY=":{"valueMac":{"type":"Buffer","data":"TEroyj4gsUsxvwzmXXNF4YTU0T+PBtPHy3l2130mj/8="}},"tBer0GpmudU78ekI18wYtoq94KBqPQ+yDZdJCMIcLdU=":{"valueMac":{"type":"Buffer","data":"5Zljgp3uF7EoDfYllq3cEY1gVKIUptoH4QnU6SArXX4="}},"3HJqewxKEyP2/Wd/Omu+nsvHpsW2/cAlpNKNp38592A=":{"valueMac":{"type":"Buffer","data":"uy/UGrR2rJj+KX+QQ3/P5X6qnPyEyjeRkj77Oi5/jEU="}}}}