{"version":4,"hash":{"type":"Buffer","data":"dOrXtuogq67kVY9/592bdBdnEiuusY9yjZuS2kEmiwtcurkTGJJ+N+ADj36pE0wI5mAlaooPzNja+0GdkyPZANUFCule0oP9erPUngZ5HnINhoMmYBBqMG0ezdybXHNCEJlfjKM8EsudSJqMhg0Baaog/3uObH93xIG5HHw4lo8="},"indexValueMap":{"dg57BVYQyuh9vWTxO+pExiIfSvKYVKwDyc5jc1hdnws=":{"valueMac":{"type":"Buffer","data":"7RkG1IOAUPVblY1ktko6wa+DZemdy6fXfOsHonE+F78="}},"VJ/YxEE1XcgT/dLrkXykg1B6ikLr00fqQVpbjtm9BC0=":{"valueMac":{"type":"Buffer","data":"KXoOHiD501dhweWueV0YkTArAKhUgQtvkwSPZ6SwJgE="}},"O7VV73vJ9L68944SGFiOJTRyRyU7Swfb88ri/D3hYT4=":{"valueMac":{"type":"Buffer","data":"f5E0iGzqh/1OAAKFsOttJ4c4pny/BHmyhoTvt9hCDKs="}},"EQXLjPfVgCRkuBegg3pKyHGdOtTDeMKiyq+EDTLwVkQ=":{"valueMac":{"type":"Buffer","data":"Q/iL8UKGP/h5r8kdLoXmNv1DAd2wQ54Pkj1x8giBEZo="}},"HRh5gcxbxc2HGeHMAQZQyxkQvZdqtTKXWR4od0p+Fhc=":{"valueMac":{"type":"Buffer","data":"TzojaSZdjdVMzZZ7nxiuPhwrdDPL3Q9C9jfOoZREp5o="}},"TS75FaFYtLyAroDfOCbmmlINd3EgQwXMpaEJLY/w1j4=":{"valueMac":{"type":"Buffer","data":"u+kjy4FzEdCW384npvedpI27x3HnmvDiNflladhqqgM="}},"TilGBbkObPE97LTpzTtH6noxGswGqqITiMTbyQieFts=":{"valueMac":{"type":"Buffer","data":"F6cIKFkmMSvCpS2DPD+ISh5F7FVPoNdgCb1wdaiCpwU="}},"nqaYXOaAeGThd6bGZ8pfIaFrgYD6xtJ4va52JWglLc8=":{"valueMac":{"type":"Buffer","data":"ukZEJUWBlkXyDEtB307iff4oVPLcIJPrn2J/ieu4KQE="}},"vXN2OlsPB8Hf7UqRwXwdyqkwPqrHVMAzdwIcqlzTzaE=":{"valueMac":{"type":"Buffer","data":"JJtEVGLzqxndy2uvcI3FMtBuU3Te+Enje4vVwC/bAcE="}},"DTCvXZ/+WSFKjFhESLyMFVcebI/ZOeeoJsqmuXRFm/I=":{"valueMac":{"type":"Buffer","data":"LR4Q6sw0zJ32pDIy66L4m7QH16nOUCfogItDieRn6HY="}},"XLTqlZvt2ED/PbT8F5ZmvRsfshjR6DVcQjtP65M54fw=":{"valueMac":{"type":"Buffer","data":"ag7t8dDna9/GuyT0Rzq5lxRh3DMH7T3eosccL8VA2iM="}},"WNb/Ir21/RmjBAIvoyhlO8dsHtBQjJB02v0AXtFHa+8=":{"valueMac":{"type":"Buffer","data":"qXCMYtCl762Bvs7B3+9+CSWfNPcnGLx+HwSVKRMXaxA="}},"/X1YZUwdtZ+86p6xDPCyN6MaZ/25MuKiCokXDRaFQIA=":{"valueMac":{"type":"Buffer","data":"tb48HkDsg9KLlbZAJn27RnMuz3UGMaZ/XkJLKGlIALo="}},"auQ3r1SQ/+MIXpRiK4/CT0vd+KMDAFQ4hWggLScjRZk=":{"valueMac":{"type":"Buffer","data":"lreLabeBJdHwgTocQ+gf1xXRLZD84sUlVcH32fvcO6A="}},"mGH/bSZ29UxDYSvSS+VkZJYPwvdo9XUL/uI4TDGQ9OE=":{"valueMac":{"type":"Buffer","data":"8BiwmYT8309KifBD62Yd1ZOBFMD0t73cVk5KBtB+fEY="}},"2MuZl+AWUq9EmwnhngRPLAuZ8lEGoU+sgAEIIkKKtug=":{"valueMac":{"type":"Buffer","data":"HZy0ak9Ehw+o3Wh9v1x3iuBlndFGtgRBPqu0RFSbEOQ="}},"H5ZLqAsAIPQcbl12n02WSFOGU+TdZUpnhf9CvgHt0fY=":{"valueMac":{"type":"Buffer","data":"lHSMBORZVeY2uiZbQvUq42Fgq0CSAdltl7tGqfIZS38="}},"J/a5NWZ4dkWNS5efevG/WtZpP5ajxtz6EZ9n1Z7LE4k=":{"valueMac":{"type":"Buffer","data":"yTAt235SQVE5PCVhODT6yDkOMeBPdDXC/hZ428s+lAM="}},"m486ymkTCFm2yqTegUW0ycCLlXLzoTgm15nMkHmmvzo=":{"valueMac":{"type":"Buffer","data":"kEbjzk/dzEjkUeKsO0eHJRpC6mcYiLO3miMVOnDh4vo="}},"vv3A1GthBFZzbK8ttViFuxMERnGgMVuHfFZ6ChdN0Ac=":{"valueMac":{"type":"Buffer","data":"+FFmBy8lbAyTyMWjVSFAwM+GB/XZMvhk0vWtq7VjCn0="}},"U3PsGS9Iwt4LAwKjzCXTFDezqEEjtrclv0Rj3ahi/wM=":{"valueMac":{"type":"Buffer","data":"d6dbrK+0aEvnw07IJQj2u8nkQDuMaAACU4clPbFrgLY="}},"Y70y53Qt/xU4rYMr3WQIdpre9GdXOZKXfAqwL6kIlvk=":{"valueMac":{"type":"Buffer","data":"GA3WviO694Xljjk2BC2NjV7EzEJILAEOaVkElC3Bis0="}},"RKNRQh5hm8ZXyIkf1/NaGXtTthJNQOKUEftfCC0AsQU=":{"valueMac":{"type":"Buffer","data":"jEOsIMo/V1JRBagc4F9cUvXPyXTgXhQPn5Q/hadnAqk="}},"2GCmpkEg0We8Pju414rDHnZ+VknKHMO6Inyd7Oj4jK8=":{"valueMac":{"type":"Buffer","data":"iDn7eCbpCea19XPof/JySASkWCCvhyl0w83v3MPdQik="}},"FnCDuTe/QQdcWHktCWsY0M32kuSrcIf3WiiEv3DjLak=":{"valueMac":{"type":"Buffer","data":"mBL0almMsJXOXtTwGSjsav0PcEdnNHCGPDwMt2L1Mms="}},"n5jvPDkbbHiwzBZBiAHyJZp6KGbA3/CU7eOc73lLrUE=":{"valueMac":{"type":"Buffer","data":"vKzj5l2qBWQFz4kqLxAihvM4Gs4fnvvJfkBcQNMug8g="}},"jx9c5QMBfkDBKXYu841FhiPZorYevoUyNa8fQI0UJLY=":{"valueMac":{"type":"Buffer","data":"lbtwaeOumUKFQVgghE8Csp+55/eb9+1wjocv8VZb/HI="}},"gG2mytxscEeAhGr+aFhhSH35K/XDiloiKzcjmbmo0Mw=":{"valueMac":{"type":"Buffer","data":"XBPs+t8ZuRVIhbJUuac9+TaciDdnpTrxo9WM6gPGKgM="}},"jYh8rYw0HWvw5ksoQv5jXuf9UAVspYYeu8n/2BLKC4s=":{"valueMac":{"type":"Buffer","data":"zm8fuAEieNPxCOMcTj65XRSdR+aLV19Le/eiUmOaoCs="}},"JbXJEpnm1/OM7x3bIyAIQRU21fT6Y4B2h7VgtGEDNFo=":{"valueMac":{"type":"Buffer","data":"D/667v03MLburwM/PfZVjphNqGWv9gXlezRqVEYOC5Y="}},"fvQ4PUu+woPekrBWhcFet2TP0dHielOmavn0vN25WZU=":{"valueMac":{"type":"Buffer","data":"iboNDsMFf0/gLNiYv4CeJs4WCR+57NbidnK29zE57Ks="}},"p8oZDfSQh5DmZkLGiFowK388u4EDJIVHCFmNbAkcvHc=":{"valueMac":{"type":"Buffer","data":"DnlOQPqdUku7VkSGrfM5ep+k2o12tZvHn5vZ5pV3v9k="}},"U9Zz5M5F4wfeIM8fvK6PuicVgjrF8Wyc+r9QGhGOGYE=":{"valueMac":{"type":"Buffer","data":"uRmGEavy/HHvcPhkayRZi69SgpSZuHWkJUddRm8cxU4="}},"tNGaU38P6C2lpGxaGgt6MjJpZfofqJrI8pN3pNtqxq8=":{"valueMac":{"type":"Buffer","data":"RJ+I6GHw6O7kPHQdMFcEUcbg/83lN/akwHvMbxnohvo="}},"NdtUbN+62IYfHiD7kiYI0O3GsdPO4WkQl3P5IbTeAc8=":{"valueMac":{"type":"Buffer","data":"D3HH1j7FAySTWbQbJDNDfvOn51wytAR+5tDUyYBGjiM="}},"fJIn3S6EcOrh85yQX3g3ios84N0mZJJZPLZsDw7pMT4=":{"valueMac":{"type":"Buffer","data":"mg3apQxkD/dPm6Q8tE4/ouYGXx58csCC7V7k53fdGAc="}},"gHL/uoVDQLwe4GvNWpuRjpiwMXTm5al/i7XX7cSA8gg=":{"valueMac":{"type":"Buffer","data":"3YSJhgzvBWPeehgrX4tepEjiiQvoFO1jGYAbjeGtkZ8="}},"RUlRCBRTTkBFZJ0OW17mnBqTQByf3AmFW1ExVubWcX0=":{"valueMac":{"type":"Buffer","data":"OjZbSwW/0S3bYZYpoPyxuP6rlOQD3LEDJpfTFzJWFCs="}},"XVzCsVetZYu9nQrdPO2LlSyy1+POxDMVBsKRwcSPJ6g=":{"valueMac":{"type":"Buffer","data":"1yxrMhXz7S8E8jER1ahJJv8dD1NRbua0+pCo0C3sguY="}},"g86xXQGPaYvH/LAOCSEPPFG8UI/l7fNPtE4YlroTrJ4=":{"valueMac":{"type":"Buffer","data":"Qsg1930A5/11C1TBsFBqgY05fA9y5YfPikgzqBm4rs0="}},"r4nfZWXGS29znlwD1QffsKBfZwL/9/uVz183OpiaWk4=":{"valueMac":{"type":"Buffer","data":"Xn7ExAPL9Yy5NlHgcuR/VRvNiyKciIossGIQdsAWpNs="}},"P8guc8MCtkwWAQZMNmk95Ti7vnUaxImAyHKNJc5YGEU=":{"valueMac":{"type":"Buffer","data":"39QPrJVhYALHNWWV5dvh407To9o5dEh8m5L6K6mh190="}},"SLJULz5PVmKDCsEcn3YH6LFIAwtAwoicm3iSwvNdU/Q=":{"valueMac":{"type":"Buffer","data":"BncbPE5yNT/67wqXV/n8fIOcNhicoEJComrnPPH79bM="}},"tLOOHpR1ks72tS/BMnmEGcGSBrtAk8cOuLwPnmwo69A=":{"valueMac":{"type":"Buffer","data":"VqwJABKUQQ444ldEhNJEehzCJNih/lygR7xARvaYvyc="}},"o/Aykrqt84bq+QLC8p4Q+pD1k20Wg7RsbI/GIa2Q8lc=":{"valueMac":{"type":"Buffer","data":"ArIrAgw2dEtx5CHW2RGkbbKGQ9cOa5TWXI/DLj0b2Po="}},"FzIZ6lvCpc+7ovxafaweJbqobB4M6X9GSX/QmsCti2U=":{"valueMac":{"type":"Buffer","data":"E//kzBm3UBLhI8WLuAKwXRYi41u4yjrKXrXzlzdrlRg="}},"K4cPUqCXjwheJ2qe9mhV95zY+SOTBAY02Q++/sqJa8k=":{"valueMac":{"type":"Buffer","data":"w78aTMVbpVslstr2l9PvqqqZ5uKyukq8Yr8t0oRuRZk="}},"DY8zBUZUFrQs3elZ3wQOzivXYWXd88/C6kYh9GQbkc8=":{"valueMac":{"type":"Buffer","data":"m576iwXhNZFNmTKc9AHo1gyGzDWVcpaswLoNG2P5aMM="}},"kpgrvkU4zVjFPMNA0TJcMXZR/a7TRMG5PNCI5IAnKMA=":{"valueMac":{"type":"Buffer","data":"f9c+qr3PFhsNYxIPQH8HXqF9Yi2gCs6+hvjnxM82/bg="}},"VFpHV5OviAP4h3CHel9XFgLu0owOGTix/YI4oBMEWUA=":{"valueMac":{"type":"Buffer","data":"OtSonne5trT7xC/R2B1lR8XydHIrVYlq6cXHR+bhwXs="}},"eN3SxF+5c8g/4YVXgHn82tKfZodQAMa8lkPN1QveVkM=":{"valueMac":{"type":"Buffer","data":"n6yKPJKFHyBAZcyL9csgC43YDYTeWiJ5ljRoiXjxztc="}},"zm+ZWNSi0FuvIPuUlbU4ye0dp7lRk1GHW/L4woRusjQ=":{"valueMac":{"type":"Buffer","data":"sIuo7WwkMtk4ilC00S6OOwi9hGkCtNGmkatFCsLmXhQ="}},"day5IcVtz/D68QGbhYMwOg/T61vdSNl3lxqFaQdwbeI=":{"valueMac":{"type":"Buffer","data":"7IdidDyTp+R4M/xJjeyE4+s4Dcf7QQrVr0ab8fFV0+Y="}},"6lDguwLaXYjCDKYr1sIZbu3J9uLxx5j+o7Sc1xFLUPM=":{"valueMac":{"type":"Buffer","data":"baGGm/pFQh9vaqfJnB1pRetRsvrluympnkCI9ZgfMZ0="}},"wzjXpoe3HGKXZ0TUkB/YielAmLDTVMsWEzmIGcQCMwo=":{"valueMac":{"type":"Buffer","data":"Jv1KGMK5BxW4rAWQFjcytFxFS8AF5XQEULGfsMg0QKE="}},"mDjcQdgdirS/3I5y70H2qR1KMuYAs3pQf/p9Mjb7pZU=":{"valueMac":{"type":"Buffer","data":"eDPG6XBtQFKe4fSa0kssIMbi2gdq3F7qLTqr8idl3j8="}},"2E8WpFeGThlqxaYANLvtlAkOPxZ8dfiFiYcgvtZK4vg=":{"valueMac":{"type":"Buffer","data":"1UJw0Ad4283+6betjIkk67pdoktM0T6zuu/7wTJ045M="}},"dbmhwaMIN/+1YyDnJPe9D1QnD+D8IfazPN8k/kTHuDg=":{"valueMac":{"type":"Buffer","data":"XDosKlzVIZj3GPeBhhPB+Ffs2+wGlT8qFmMAo6v4jck="}},"ihM2dO4FmMoRliup9bflDzJcSkdV0Bf9X87sCokAezk=":{"valueMac":{"type":"Buffer","data":"RDvsiYZFGSbOdgqgrdBhpPVXjkUV7v8LULNkTTLVIic="}},"b/vj76IjEJity49yqTeDv93fpckLan4ckq7wdQ+vnPc=":{"valueMac":{"type":"Buffer","data":"cv2nehCa62egxpl4vsrJ+zFBofFSg09AGvvIwu4hG28="}},"IPmBxwV+p32gTCZXv2uW0xqI4JH2t+PXToiw9LV44GE=":{"valueMac":{"type":"Buffer","data":"9TYE4eIVrtdyyYW7RyKLszBdRienvQHF3ywLKpI/I18="}},"lpXB1uZN68kitAUFtYfrp82Wr4oYeCdop0zWaoQOTy4=":{"valueMac":{"type":"Buffer","data":"vFvFEfwM/eqXdDcJHva8NJ7Ki0RthbHT3uCbQmqYIMc="}},"SUzYEFE5LbJqD+uxjvsrmZZhZrsEV7EXIuXsQwkvPoM=":{"valueMac":{"type":"Buffer","data":"0OUeEF5jl9iCtx1IyRrbfN/Oru+St7oZAT+UvqBrQOA="}},"pgmF9fd1dVNmcv5FWDy84v67riV/M6Ug0HMYFOF4h6I=":{"valueMac":{"type":"Buffer","data":"VNsgEj6RdeY0gki8gYGXfoJ2qPq3NngTYW+3NymUpR4="}},"gl3AeKY189jLoodQRLyqpenohlZfODLEbPl4wwSAQQU=":{"valueMac":{"type":"Buffer","data":"VC85b9j3x06iReWRgmIUCgzaC8cDhn1tQ9NvYF2JMfQ="}},"5p1G5XUCfMS+4aIoVmxlnzHFB0M50cqa2W/UZGJ9aSw=":{"valueMac":{"type":"Buffer","data":"oU2adYZhE9KqR/8UC8oX/sPpQIrDRRKTzqX6/CCIrxk="}},"dq1zc/GdOJGsrYoKXSNmnhmAgUUtF7VKB2Een0OuxjY=":{"valueMac":{"type":"Buffer","data":"gA8xcjxuVXq8ZqlYscUsZXYntdLF5+Io0oJ6cMnyeaA="}},"wQ959JsowOud/mllsvMUK5kVPhTf2fawpa5tnfCAOzU=":{"valueMac":{"type":"Buffer","data":"839fQsTtgRJ/2UjJy786sC/aQ6xoTlekHDw2JKj4IYY="}},"93cat7l0ejy5hhvQzdP0j9SKl12DqM31EMN9Brav36E=":{"valueMac":{"type":"Buffer","data":"q9AhH7AVOGQFDZgs8+oB34rT7VRxmbuDmHaTnfst6DA="}},"pkqJdceMXFx3LeYAhocNxYv3aPyaqNLwSV7VIwc605w=":{"valueMac":{"type":"Buffer","data":"Rxj6+/qs0kYFxS+MVkCwPupo1lVk3lAJN1DDQbEHZb0="}},"6947Kt+k/vGJuSCD41w2LAYhHgnioyqRQy1XW+as76s=":{"valueMac":{"type":"Buffer","data":"36L62ClDf4fpEfelPtJ/sLYA5U1nmjAYlWkoAalTJoU="}},"ZzGSvaSHO+VlNPSo4KnO4D3YzKkK5AX4gW7UGn/9Du4=":{"valueMac":{"type":"Buffer","data":"ad5MhUImDaY4ybh1W+gMGnhqnDHBdzYJbP1lU5Y86FE="}},"wpmFaH+oAYgXMQw3D6u2a3bVjbuZPoFTpXYrUqQnlrA=":{"valueMac":{"type":"Buffer","data":"MgWF1oyCIeds4f5urNm4CvrEVKwaOxFVdHALEd380uA="}}}}