{"version":3,"hash":{"type":"Buffer","data":"wDjiO1TX+3FtdZahA3bfwVbWjv1SNhHWv9UlOCGArAzu57RhGY2aABYi0d4pJh26RVzgLSD/aCY+upCLzelrTjhUmgDUUROdkCZDUq2T26Z533SXRpKPdVh5E89TjHeRilPBReDVv6XGP/MQ5DtwdjjaoEnWTOs5F16pIw/6tPY="},"indexValueMap":{"meL013ZrC7gbof/7RTZcrpTVPyQfKLlO9rtDu2icKgs=":{"valueMac":{"type":"Buffer","data":"gFjRR2DNmp2+N2NrbjMPZB6xxbVz1Kn0lAUfJd1K5f8="}},"h4hzcStHH+sZJLr72AA+cEIRdkrXk9tvd+Uyx3oLFEw=":{"valueMac":{"type":"Buffer","data":"PzKi63ToXaAPaSTJY+JJ1DtYPxo3dz/KJ82U97Wpsyw="}},"lFMEytJGZIFL6fvwCIGy33HunxOb4cch8/WgilYdGWA=":{"valueMac":{"type":"Buffer","data":"u44y93eagoQMTUKHhJr/WIViDoMVMuMrHy5218pmhi8="}},"xNBfGGeKGUsg4h1fxTVkNg+Ufugg7RFgTOjYF4wLJHw=":{"valueMac":{"type":"Buffer","data":"oBdBF6W/Lea1GH8l6m5oZM+rSaF7qFwpumrTy4vQfec="}},"zJo8df5EzhOT5oTTaa6Iwe/llM3X3lx0EB4XnVPLFlo=":{"valueMac":{"type":"Buffer","data":"Oc3kfbrGSAkcHFX8zRPMR+vt6pXtwaIuEF8FnwbGV+g="}},"T628pPpUOlZ3GC3VcBVcWOspqmw/U6gEMsyp365emrc=":{"valueMac":{"type":"Buffer","data":"7HepYfj+mHqDjoqprDMcLLeLYAezLaISnOjkKGkQKSw="}},"2ejDUVCxDUDo38azYgb0R0TeEZC62MMH/EVxJR6alj0=":{"valueMac":{"type":"Buffer","data":"NkxK0BGCHCT5sHlqawO5csdLzb5vXhredTV2ZrI4ANc="}},"v69WHtnVGLHEqntoZ5SWVl7YgSHDKoQWNrWnK+QBu4U=":{"valueMac":{"type":"Buffer","data":"/e2ULyyevqfI6hsjjJHVhVpfTsKTq4eC3s6KtBLqjH8="}},"EEz2mIG2Br9eT3OJlMqFlLOUQTR7OPVXc2XTQxBpmvA=":{"valueMac":{"type":"Buffer","data":"qNEOKTR8Zn/w0u7kLJ2jP5NZ4HyftZTZO/TXw6sKwVY="}},"0vTmSA6KgHdSneQJZjDiF1x2JGJYf5NsWnTN0Ya3GUw=":{"valueMac":{"type":"Buffer","data":"t8if1GeqiPnJz8L/JCFDnKm3YHw1/v+sL4DVtgy+GMc="}},"G6CMpaoAPwceE8glVYbZ2PGsElotzh3OeYp7aSeYyyQ=":{"valueMac":{"type":"Buffer","data":"NgfvqZBp8sb3Gf+I/plkDXkl4JZiU+IhMqjMcr5KyuE="}},"V7UJVwZBErR0oBQ+MpsY7wQ+BaRA0QKAC60NaKgBUaE=":{"valueMac":{"type":"Buffer","data":"s9PNnQaWS3J3hxaIueTzjtFlTxAc5+uW0OEXqxZbTHA="}},"rTPusz6ru5Wj+2MfB8GoUyNhxO6NTXQN/jwhdhtyPWY=":{"valueMac":{"type":"Buffer","data":"/ztg0U2TQvooR4vacoVSAbaE6voouuamtS1ewVFkE3s="}},"UD9b8qbYAIAHgTJaTjRrKM0B2oGWfYXATTLSZSlVHxQ=":{"valueMac":{"type":"Buffer","data":"kxrAQiUvVKFYZXIQtKTmQuS9IaRJhEYxHSMkRl4aW3Q="}},"rRAlmumSBneo7gpVaDU08blmyx+AuSZcGJaGYOadMmw=":{"valueMac":{"type":"Buffer","data":"caXBuHV2jytj8XsUwwRZWkTi9tUgaff0ksAfv7tJEL4="}},"U85hIs59dWkoGSt8yUPbhKJ8JLa75bwgUZY3Wb2nP7Y=":{"valueMac":{"type":"Buffer","data":"JrobkgCeelbvClxW0l7u07jsE4w4nkOXS42+imaNBuE="}},"XB9w8w9WphprgNR6cxfC2+q0yk6mIRq9IiA+pXfUVvE=":{"valueMac":{"type":"Buffer","data":"9H8auR5z+DFX8Rtvh2jzh1/7VIGo80p4vTaMgGk2Ns4="}},"8nsKdqb6aIyrg7plwhi9yUgGZJ7e8TzQDi6iznBROdA=":{"valueMac":{"type":"Buffer","data":"+o2HPqPhx/VFO1j/I3YeDwuKMwL69wcHJ5HSGjtQtzc="}},"+0SzYFI3hWRPUULuLjnywNEbzKnjzw682WUlPWKg5wY=":{"valueMac":{"type":"Buffer","data":"IfRHUiDGUdFSmOzEol0SJryrUoGrMu5hRLnBxeHEC6U="}},"EJAEiFQsBsQ+A3JrLwupzUD7Wgs9nRJL2+oF7zgGF6Q=":{"valueMac":{"type":"Buffer","data":"DONpug4TqrNZuEEPW3yHepFKg9z3yyzPYtL6TzCpwhY="}},"mLfQj9BaV0pwJyx4hsDo+SWokFMry1tjmyEU7xHukUY=":{"valueMac":{"type":"Buffer","data":"6NCuCVmrfcls39KcMA6Ah+XEkjKDKytqDvgq2tMrLfs="}},"vUaILbaT8yjdLIiWk9CthmGLzL9+Z3jk3GRFKG3j2qM=":{"valueMac":{"type":"Buffer","data":"YpkcFRJVO+3v3nBNoAUHYmTKcPL+AtyfkbNBJts4S+Y="}},"hw3xzzVJkRnNVCuwaooPeBTHPIfKlQ9ONSSfcc3dLjI=":{"valueMac":{"type":"Buffer","data":"nwo6YIPQJiC77CPuq5Q2RC0sdNj1agZOz19NIGnoZZo="}},"mqBaQae6XBPqOKTk52ShVcoW6zTUdVPVqcVfRZDLcpc=":{"valueMac":{"type":"Buffer","data":"AhKRXsXksbkag//sXuZXjcQ8d4B/SGP3N9ERKqJkuOA="}},"1Ez8XBcefcgPLnKGrbT3e2tYlzUgig8uzx5A8Mp+UMY=":{"valueMac":{"type":"Buffer","data":"4KLzXu5GX70wY1QuAUQ2ydNlKs1joNNelYDiNkjTPHI="}},"eih5R7usr5tWExElK2tPVs6Gt+BWyCQlLq0EBbSosQg=":{"valueMac":{"type":"Buffer","data":"6lsb4Yuv7EMHguB94ZyOxFTH77mphBYoUq4OCQNscuo="}},"3I77SJIANDjqgiumNyRjslHk+RUa7UQql8Oc9zussxg=":{"valueMac":{"type":"Buffer","data":"HPpO8z/Jzy/8SSr+4zia3j9zvKjZgF27frBjKJV7mVo="}},"ScJVMMnAvBTBn44Igde7C0p4T6uWtm59siKgGpnYZt8=":{"valueMac":{"type":"Buffer","data":"vQk4mhKzk4yj3bv6LJZdvgOGVIJfoJIIjTdZp+Hge1c="}},"anggm2H1+ayvQslHZY1ja9Dt51ta9P7x4Cp4bjsCNKk=":{"valueMac":{"type":"Buffer","data":"+afYDRAV4cw4bLilym5PVDVMynHy2WJcXB/pezedQ5U="}},"YZoAmMUTou4QlAG1l8LqA6sICMz1tuOoIkBVT9NQPFk=":{"valueMac":{"type":"Buffer","data":"9Xw2uucjQb7ORtp609/HU+1lxrF6CzOCOmTeLTcTck8="}},"UyQXLJ2dkhZKGbbSnu3aTfrume9taluRynXl+/MxHnw=":{"valueMac":{"type":"Buffer","data":"KuSx87ctkmsJQMLowCxodkCTq/c2f9M58zy2RR6ziNI="}},"4beyZwugqSjJv5L2Rz1oQgruSdhrvlgZ+3Bnab7sK2o=":{"valueMac":{"type":"Buffer","data":"n1m1t4hmrZc/NnarbZYwJzj0o0KnFSJUIlRwtd+lOdM="}},"qv2JBEufKMoyowLvS/5UBsx0ppY0ux9n9yIh9ZQLiNo=":{"valueMac":{"type":"Buffer","data":"QRVDDaSSykm28Dk/i4IohwRdchgKGFYCqRE9YE0haBY="}},"+SaSl52ylf2NSuWail0qUIiVAg+35EayV6L8rna8j7Y=":{"valueMac":{"type":"Buffer","data":"C7Cm3LVg7jsV6/P74RJiWyRQToP1bZsmE3Rg4bGmGuc="}},"83l4s1NwHOVuwIWoVQImEk+YLTtdhVyOX+KVoC17FRA=":{"valueMac":{"type":"Buffer","data":"RAEx+0BKWbXYAMLlTFlniSGXont/lP/IVU9efXqzq0M="}},"NXlFzt190UguUlmrFZHsUw0HPnM9WcONfzskh6LBGqs=":{"valueMac":{"type":"Buffer","data":"kr5N7G3nA0NbgNsAcSEdvFj6hJJRm636/M1F/0STYPA="}},"UAOYoYQk2MVbr/Ya+tep5v2TFKO3STVAJ4nuGqyjjgo=":{"valueMac":{"type":"Buffer","data":"JI7U5wnCg+V7OrsEccC0ONbn3a18Hetv95l1Z0FgXqA="}},"nu/0LemggCom7IhjoEXw+ZOWgzWM6ajF9258ZXmdFbs=":{"valueMac":{"type":"Buffer","data":"g8ITYDCZCQ7+lrXyNdunpH1hqxlcIpJiD6tjhMKTgW8="}},"nD8h4GLdcGVhX0aH3Gjq242FdpRlZ/FaFVHt3qifiK0=":{"valueMac":{"type":"Buffer","data":"wZI+OaecJkHuMVmgLWw8RLAq378Nq+gV8IVgpS39b34="}}}}