{"noiseKey":{"private":{"type":"Buffer","data":"cBugA5SPoq+Nfm3VJi7lpGCfa3walJz+s2TshDtiKWU="},"public":{"type":"Buffer","data":"EgHfpumKFKa+OlDRhKVVZ1pzdf0PI4W7oFJg3BTTFnM="}},"pairingEphemeralKeyPair":{"private":{"type":"Buffer","data":"AHaPjFAOPDOEAl+na6QMfCdqhdjHrd1Hdj7EWziDbV0="},"public":{"type":"Buffer","data":"VDoz6G+wu8+kpxdET74etAy9V1FjrXROw278Wb1fYyI="}},"signedIdentityKey":{"private":{"type":"Buffer","data":"aARztUKykx51uyCOf4HdtpBo5NIi0sPu8Bys3OgRMVM="},"public":{"type":"Buffer","data":"+j2mHCQ2uCo26HObXzrw4ZE91La9dcz1aoBStpnGoBw="}},"signedPreKey":{"keyPair":{"private":{"type":"Buffer","data":"UJ/9Wn2bWVTbiUWQdddjt8krlMyFeWx6aRxxcGISFmo="},"public":{"type":"Buffer","data":"bqDmZCpICmefR01uC076lk0disKAjhA0A6VX/6VM/1Q="}},"signature":{"type":"Buffer","data":"D8NsJP6KoEl01pCTKkNRJtjFJTZJ8D3S7XjXL0x0bXLF8PcHpRwIYU5fQJexMkf0VnyFVI9pF0QogsxIMeC7AQ=="},"keyId":1},"registrationId":183,"advSecretKey":"jC75WrZDlsUmIuT5y8Da04CSunysTVPla2OHaZh4NSM=","processedHistoryMessages":[{"key":{"remoteJid":"916200844974@s.whatsapp.net","fromMe":true,"id":"3A35D68476E97019EE9E"},"messageTimestamp":1742658258},{"key":{"remoteJid":"916200844974@s.whatsapp.net","fromMe":true,"id":"3A654DA71951030C04F8"},"messageTimestamp":1742658261},{"key":{"remoteJid":"916200844974@s.whatsapp.net","fromMe":true,"id":"3A2FD0AB645E4790E8B8"},"messageTimestamp":1742658271},{"key":{"remoteJid":"916200844974@s.whatsapp.net","fromMe":true,"id":"3A202FABA629B65F0513"},"messageTimestamp":1742658275}],"nextPreKeyId":31,"firstUnuploadedPreKeyId":31,"accountSyncCounter":1,"accountSettings":{"unarchiveChats":false},"registered":false,"account":{"details":"CPqiv6YPEMq1+74GGAEgACgA","accountSignatureKey":"DgK0evDS+/5OfYUEnLu/F1cT72J+0FmOklZwjB3Zpxo=","accountSignature":"5b5S8QOiPQzhEz5ObPWAMOzVzcKGy0u3X7+k+41qFlr4JkxjurdFiEQemKPsCCmq5hCQnAJaLKtpGuH3Sod+AA==","deviceSignature":"GOLy8DhBoKn9aa6V+sdluvddvjJ0j0O7CH9/8BaiEdMZxmj0QKf73fMevqcUOZspwl0HUk76kHJVCCRaFmzKAg=="},"me":{"id":"916200844974:52@s.whatsapp.net","name":"SoftEazy","lid":"67998190694583:52@lid"},"signalIdentities":[{"identifier":{"name":"916200844974:52@s.whatsapp.net","deviceId":0},"identifierKey":{"type":"Buffer","data":"BQ4CtHrw0vv+Tn2FBJy7vxdXE+9iftBZjpJWcIwd2aca"}}],"platform":"smbi","routingInfo":{"type":"Buffer","data":"CAgIAg=="},"lastAccountSyncTimestamp":1742660036,"lastPropHash":"2MFKPQ","myAppStateKeyId":"AAAAAJHS"}