{"_sessions":{"BVBrX+BsjZRyQ1MpfHo5CI+cuELbZEQmY04chmUotg0O":{"registrationId":1558867823,"currentRatchet":{"ephemeralKeyPair":{"pubKey":"BTldl4y2IC9lPoT78YYeXu0YFcgdTYCvHWuqucGMyStd","privKey":"2JCzwSudtRC0U0h8fxR8fOa/nUXJj055FFPH/t8/QV4="},"lastRemoteEphemeralKey":"BWOzWshkaJowAfagNPKz120UVCnYdsPt3I+E5nPL0jkj","previousCounter":0,"rootKey":"4q8Ujcepo4M2lk8Pc0Sq77H1+n5HmTpUWJdbh1zo+sA="},"indexInfo":{"baseKey":"BVBrX+BsjZRyQ1MpfHo5CI+cuELbZEQmY04chmUotg0O","baseKeyType":2,"closed":-1,"used":1742658406504,"created":1742658406504,"remoteIdentityKey":"Bf1rd4MEEaKT5qeZhgCvZMAFprpUEjq1hPTidM4mV0lo"},"_chains":{"BWOzWshkaJowAfagNPKz120UVCnYdsPt3I+E5nPL0jkj":{"chainKey":{"counter":0,"key":"GT5ciOb1oG/D9MwHMg5NXibsHxLyRt3oAW7oL5lOqEY="},"chainType":2,"messageKeys":{}},"BTldl4y2IC9lPoT78YYeXu0YFcgdTYCvHWuqucGMyStd":{"chainKey":{"counter":-1,"key":"vZuT37z/R0eBQW+VMhaPXL5jT2ZJZAsV451Fo128K+s="},"chainType":1,"messageKeys":{}}}}},"version":"v1"}