{"_sessions":{"BbSsmbghPFIOXGhFY4f9VuZNna19mvlG/f++WkUYGMgX":{"registrationId":345008467,"currentRatchet":{"ephemeralKeyPair":{"pubKey":"BfwcwlRsJrAzFnXNItSUcbeiDag0Vs7b81U5zCNWPfcp","privKey":"oG6Fd3a1OJnQZZfOO9Uy5Un1yu5e8qAVplfzflz0z3E="},"lastRemoteEphemeralKey":"BbikK4UDXy8VFtv6qA9g6yvqhzBof5ts0WDPqSf1hVZF","previousCounter":5,"rootKey":"nm1jiy6PniQb9Tn1lpO6boZfMQmvdn4m5x/KVQW6N3g="},"indexInfo":{"baseKey":"BbSsmbghPFIOXGhFY4f9VuZNna19mvlG/f++WkUYGMgX","baseKeyType":2,"closed":-1,"used":1742665205198,"created":1742658254422,"remoteIdentityKey":"BQ4CtHrw0vv+Tn2FBJy7vxdXE+9iftBZjpJWcIwd2aca"},"_chains":{"BUr1GVKlr62z1CU/7Uns6DTjB6bX6aY/gIKgPCQhYS9F":{"chainKey":{"counter":7},"chainType":2,"messageKeys":{}},"BbikK4UDXy8VFtv6qA9g6yvqhzBof5ts0WDPqSf1hVZF":{"chainKey":{"counter":0,"key":"nD6UlzhqHF8uDd70Ke+6M1pyo2m5iotnSj4BjEaFmUE="},"chainType":2,"messageKeys":{}},"BfwcwlRsJrAzFnXNItSUcbeiDag0Vs7b81U5zCNWPfcp":{"chainKey":{"counter":-1,"key":"eRlwAnqMGuPNafa5ZK4xZkKp84BEpaPr7B7L9JW1UXc="},"chainType":1,"messageKeys":{}}}}},"version":"v1"}