{"_sessions":{"BcLfkftvmikcmx1XTKacYXPuEdQ1fQv99NY5vny3zNA8":{"registrationId":208,"currentRatchet":{"ephemeralKeyPair":{"pubKey":"BZc2ohB7yvDzgCMNPCuHFJ7FxXw3cnPjjwMELhYsQJF6","privKey":"MC8Xbiejdsj1n4V25EAhVGaIuALVujIXyx8KOrEbK3o="},"lastRemoteEphemeralKey":"BcQXWlgyIarQGWnM88TziS8e2wDWJ560rhXMlSkG99Zk","previousCounter":0,"rootKey":"o0QbZfUwEMT0I0Uyz9RtO2jLQLi15xvDuyk5nJVOjcs="},"indexInfo":{"baseKey":"BcLfkftvmikcmx1XTKacYXPuEdQ1fQv99NY5vny3zNA8","baseKeyType":1,"closed":-1,"used":1742663016728,"created":1742663016728,"remoteIdentityKey":"BUx6lxj91t766ImZr4AUcAqi2wEokCP5oLuopfs/uAY2"},"_chains":{"BZc2ohB7yvDzgCMNPCuHFJ7FxXw3cnPjjwMELhYsQJF6":{"chainKey":{"counter":0,"key":"542xgI+fSr4RFF7wfd1kIT8csXSWyqqusloffgC2W2I="},"chainType":1,"messageKeys":{}}},"pendingPreKey":{"signedKeyId":1,"baseKey":"BcLfkftvmikcmx1XTKacYXPuEdQ1fQv99NY5vny3zNA8","preKeyId":2}}},"version":"v1"}