{"_sessions":{"BUWXFMHDFVQqhzqnkO4KYh+KedEVApu6NAmy2Fn9/0k+":{"registrationId":1013529426,"currentRatchet":{"ephemeralKeyPair":{"pubKey":"BeSIZiJFRRjr+D9lBO21ot5E3eTf0NUOO9gSINsHbbgX","privKey":"8IHmW0jtqjrQXlDXPdlZ2v4Xog5ssEHsnDpekMTTlk0="},"lastRemoteEphemeralKey":"BU/O8e4Xa649EtFIecPXlv6bmc8XkrFqV2d7X2eAnXgv","previousCounter":0,"rootKey":"eSIITscXN7u6/j21NNk154x4MUpEdJh/U+9yl+3Z4GE="},"indexInfo":{"baseKey":"BUWXFMHDFVQqhzqnkO4KYh+KedEVApu6NAmy2Fn9/0k+","baseKeyType":2,"closed":-1,"used":1742665589224,"created":1742665589224,"remoteIdentityKey":"BakrD6bcPoqizXTVpBGFqnFbLYDDH8HyQydc/lVh6hw0"},"_chains":{"BU/O8e4Xa649EtFIecPXlv6bmc8XkrFqV2d7X2eAnXgv":{"chainKey":{"counter":1,"key":"8qllfXmvMfG6LrVmp5W3vW0xJQ75gN3BWkDUXktOmWw="},"chainType":2,"messageKeys":{}},"BeSIZiJFRRjr+D9lBO21ot5E3eTf0NUOO9gSINsHbbgX":{"chainKey":{"counter":-1,"key":"kIsARFwa/eMIeRjEyXNN7mvJCi63YVmmXBjwMGHi56M="},"chainType":1,"messageKeys":{}}}}},"version":"v1"}