{"_sessions":{"BQMGTSaAkE2RL6q9iJAlI/EKxMgYWH71wR/VkY04CRoq":{"registrationId":1010568989,"currentRatchet":{"ephemeralKeyPair":{"pubKey":"BcqYO5DwVXOy32GNk+lUk3a9xUNF0enMY1zAw40otpoC","privKey":"OO1oEV619wlGofnQWVNUH6sFLGPE3cHZLJNopGx0j0M="},"lastRemoteEphemeralKey":"BZDseIrnW2IhMIVyTOZmWig2WJQgquLFTZ2Ynck8hmMF","previousCounter":0,"rootKey":"OeN3PoEuTxqiWgUMoClcsUhE67ceOWalVyfkiZNIpME="},"indexInfo":{"baseKey":"BQMGTSaAkE2RL6q9iJAlI/EKxMgYWH71wR/VkY04CRoq","baseKeyType":1,"closed":-1,"used":1742658452357,"created":1742658452357,"remoteIdentityKey":"BfTiolLTuz6G1i/ME3IKuRWGPmrKomMbCFwzDKsBy1Je"},"_chains":{"BcqYO5DwVXOy32GNk+lUk3a9xUNF0enMY1zAw40otpoC":{"chainKey":{"counter":3,"key":"dTndTqwkXP2Bnc2roqiFnGQkYTTuhftkcUH+JuCQl8s="},"chainType":1,"messageKeys":{}}},"pendingPreKey":{"signedKeyId":0,"baseKey":"BQMGTSaAkE2RL6q9iJAlI/EKxMgYWH71wR/VkY04CRoq","preKeyId":11979261}}},"version":"v1"}