{"_sessions":{"BWabGSGMZl8Qls22+6JY2ucIWUhnyoW2CvWncTXxPHEa":{"registrationId":484301282,"currentRatchet":{"ephemeralKeyPair":{"pubKey":"BRkVWDBC7ytQo7Ei+ZW482eJxwrYLUTvxlTYVT/uYchx","privKey":"qAPMmFgyv2sLXs4xhlY7ueMAmXqSOPaj/VYauP/z/1k="},"lastRemoteEphemeralKey":"BVtfaXBrQ+f4Ec8NApyHU7O0ouIYroz2gesEKvvV3Oh0","previousCounter":0,"rootKey":"83RXdNXpAWU66rfMJtZ4LBhuHJgNSV+dHiOraMY+GeQ="},"indexInfo":{"baseKey":"BWabGSGMZl8Qls22+6JY2ucIWUhnyoW2CvWncTXxPHEa","baseKeyType":1,"closed":-1,"used":1742663016729,"created":1742663016729,"remoteIdentityKey":"BXdyU560WO+KncC6BcyTWC5WyINcgPOMNCI9Qqzqc+JS"},"_chains":{"BRkVWDBC7ytQo7Ei+ZW482eJxwrYLUTvxlTYVT/uYchx":{"chainKey":{"counter":0,"key":"zGDqAvmTDD1M4aAS1uo77Q/6FSlwzVppSUMlHGRrNyY="},"chainType":1,"messageKeys":{}}},"pendingPreKey":{"signedKeyId":2205626,"baseKey":"BWabGSGMZl8Qls22+6JY2ucIWUhnyoW2CvWncTXxPHEa","preKeyId":2616}}},"version":"v1"}