{"_sessions":{"BReq93RSIDCp2+MpR9QpOiqzwF7+PuGr0JQsIF9FHisN":{"registrationId":47,"currentRatchet":{"ephemeralKeyPair":{"pubKey":"BeoC1mDo0eH5OAGWPzopyOfvsZ9TlLNgy0FlUSY8kWIE","privKey":"4DAhB1GOymEwQTBKZZ3kiyg9FXK7cG4TAblEA2BnzXM="},"lastRemoteEphemeralKey":"BQLcYS2pSYR8jPMYpSO0rC6+rGLzsNi6yohP8IxOLoki","previousCounter":0,"rootKey":"x1vOhpulcA/Sq/F1G86XdaoQ2tCmiwEDupF1NLcSs+0="},"indexInfo":{"baseKey":"BReq93RSIDCp2+MpR9QpOiqzwF7+PuGr0JQsIF9FHisN","baseKeyType":1,"closed":-1,"used":1742658452356,"created":1742658452356,"remoteIdentityKey":"Bb53MjFFsx4gIACCDQzIuerKj+3C/mUm/9/sygXPp8lO"},"_chains":{"BeoC1mDo0eH5OAGWPzopyOfvsZ9TlLNgy0FlUSY8kWIE":{"chainKey":{"counter":3,"key":"SR5SISDN1JbjQ8XR8CmGeI6/nAekgERPUdPbAOYMZg0="},"chainType":1,"messageKeys":{}}},"pendingPreKey":{"signedKeyId":1,"baseKey":"BReq93RSIDCp2+MpR9QpOiqzwF7+PuGr0JQsIF9FHisN"}}},"version":"v1"}