{"version":27,"hash":{"type":"Buffer","data":"UlmzaoLEYjuHYJAe8qrB2j5SVIu6H3VrVONn/BrBo8dTQB+TQyvsH0PGkqGpjcLvV6PK7KLAwftHK0MMXMXqQ2rSf+75eSgPBAuOBuRMDucN75LoH2ywqBCT7PpPCJ06h53cdruZaK3MKMOxUWB9n5wHFPspxZF6lvt7HkyBNrQ="},"indexValueMap":{"AK7IBHJsudMAwjjDadWKrIPlRkcKXA582mSDFt4iq28=":{"valueMac":{"type":"Buffer","data":"XSbvxv5mI6Ij0ciVAN+12pteW0I/M2qLLubHswRk8Mk="}},"BeJMFBNBDDl32M3+CWZ9RoEfdTc+JgfmnD3U0KIavZE=":{"valueMac":{"type":"Buffer","data":"cLuXdyIm7DDToesjEawLEXLFr9JNPTJtGfZIwUOd3c0="}},"CBkUO5NBKq3hmJHF/yc7IkutVWDt8CFceabh8dWNa7E=":{"valueMac":{"type":"Buffer","data":"Cc1Ybzu+5B0TGg150C2hOFSMt5hsRrl3+E/oJx2BijY="}},"CBxJoMY0zy+28urYXdpCbQTbDFE5XyOH0jv+2ToL6YI=":{"valueMac":{"type":"Buffer","data":"GJgVd8JU3M8QU9tw9yeQe7iIVwFaR/wCH0muuidvK8g="}},"DOrjE7z+gP+T80L7YKHYdFV17i5Dnx8n7udGmr0uAuk=":{"valueMac":{"type":"Buffer","data":"FptGlxCgy31JE8eb/p5DXIFA6IyHSd7JJ/obYl4t8ws="}},"EASQutpC82z/IclVMZgdw91GhzBqihi4p1TewLCaRIk=":{"valueMac":{"type":"Buffer","data":"C5vtV6tjMKzkXbtTm2gO+vcvTkpnmXCil1RXqtoBIyE="}},"FO5xfXiVYqXJ1/XY7FPaLuV2S2AXwg6pWmJ5m0xE5BE=":{"valueMac":{"type":"Buffer","data":"rieIVp0EIdydN06CgiaMHi/EpOhd5kdHLryj0+FJI1M="}},"Fe3P9wW025KZzWoW2uH54KCVc3kfHOyHhaK5kHD+1x0=":{"valueMac":{"type":"Buffer","data":"6IxTah2rylcc7e/hUG6pxLUDhL8VBoBYFLXnDs7FQ5o="}},"IXQPYXi0gAJUjnAPgCyPI/rlHQFy5xnaQy5WO63X3RM=":{"valueMac":{"type":"Buffer","data":"6xuJ0z2ngSewHEQ79liiW+mRwS8RUdtdnd1JxvPHTeI="}},"IgQ315MRfxJt18n8dw4ZhHuIShkdeHiCCPuG9zKD5ug=":{"valueMac":{"type":"Buffer","data":"dH9EHZYXCQ2DU2rkg8PrcTXGdDzpKaRmnVohh2kFk3U="}},"I58mPD4BrJvpmzBvIcRhEESNkK0ocySkgcE+EcwJSfY=":{"valueMac":{"type":"Buffer","data":"rd/TjKwbK3K3iCApY5OOrLsv05OgjUcUv9f9yC2RY7Y="}},"K72PXxbXl37GcVoxqMWeQNo6M13nuks+Dm258xtKad0=":{"valueMac":{"type":"Buffer","data":"/3xGno72Oxq6De/rIY2eaWb80rj3imqSo5wTSqK0QqQ="}},"LLm2fwLbSeBxzerVwzLO++bLI0tBBsIhzTxv9Y6DisE=":{"valueMac":{"type":"Buffer","data":"JiwIyfGTFDnhx43bROZ2mk2NbIngncQ+n5Oyzv9y1ew="}},"LgmAU6g/v+/gyXlplOcVKXsWQ/x2KaVMPyyda1ED7iw=":{"valueMac":{"type":"Buffer","data":"9+6iWSnTDbJFbEdw9IxTYTmFMyht2jdab/hK3j5q3ug="}},"NFXKr3TJxWVcm76HoRPfyP78h/SwVDUr9gLn9nLN40w=":{"valueMac":{"type":"Buffer","data":"EUJyxAmVMZ0ZRmEJtz31/m5Bm61SFKmfBbcnsbTo28s="}},"OOI0urERYNGe/ZFXK06STarNzuErPVWWxFi9dsiO3Ok=":{"valueMac":{"type":"Buffer","data":"y5T7qXZcW9dp61qafzejo1KOmVycl1HnaTrUJjhiBEI="}},"P5rk3Nq5LB9hm4+4iMA+yhZGe7e1CnnEkyKM54zFL0s=":{"valueMac":{"type":"Buffer","data":"30Sp5sSV5YBKI1ZKHvF2y+n9lOWKZETS0GC4c3ymVbY="}},"RHQpodUt3A3izLso7isdbXlNk3ipWPxmaDQ/gijklMQ=":{"valueMac":{"type":"Buffer","data":"iO24cFXnCcuTeQJ4VcSv9MoOeFdRI1f1yGk02CdA6x8="}},"RMq0XqT1VSC48uMuyDP7yCRRb6AcCx83Tlze1iJ7q3w=":{"valueMac":{"type":"Buffer","data":"M4LMGS8h1ckUQMTj+CSznlNlTe07fEw9LUEH4XHOKxs="}},"ROIsY/9yq9UTFAPPHe3wFAlMAxnhDXByY77qRqUuRFU=":{"valueMac":{"type":"Buffer","data":"xTEOFOnQfRrtGmjf72//gMor4fP7ZEu+UsAW2BqAhk4="}},"RvJZd1MPPjBexnKQAZqLzmUY/fUHvT2RaIxoZ8HlrCk=":{"valueMac":{"type":"Buffer","data":"a9BpCHCXWugqzw7aC01IbclpbOefs2dIw2gT/XUsqus="}},"UryI15m/DrX2iT3yQempVuOpY9d7ccMktNzncMmoQ8o=":{"valueMac":{"type":"Buffer","data":"nvAxF6w6XrPnMRUZp0D0nQe+KW98Hx81gCw0Z8wtd78="}},"Us63N9gF01rms24+kFLLahvDV7XaP3IKyH9NkgE6Jr0=":{"valueMac":{"type":"Buffer","data":"3oR3CAjtrtH4RV2XwkndLYyQvmTGZxNIQZFxwvYU5+c="}},"VAr4ZwMjXpV48nIb7RuZGXb+se+1UxHSMyPA07l3mxc=":{"valueMac":{"type":"Buffer","data":"QhN+ONkdDm8JfMUaEeGjsWi43TdYzUCYEMaaNFNrADs="}},"VKjY7zuhFtYjvq+YOoFw59cnEmJ5WP7xi8ydtJLQ/4g=":{"valueMac":{"type":"Buffer","data":"sUkymsHImSoHTsAEXv+8Hri5LpFZb85f/X4fYiOUDqk="}},"V/bK5ItfDz7HX2DZ9DEYM4y8Ag9QP9AaupQW4oNeaUA=":{"valueMac":{"type":"Buffer","data":"YaJy/MUFSP1Qn13TnYo0WR596c3QnMA9dBzioNzAAmM="}},"WtVreIK72lWlw7qjrDeq6QMJJP4Hghq5U70Dkd4D9WA=":{"valueMac":{"type":"Buffer","data":"i6HxvKfIIEXgu2rzFmZE5VERKJkcEZhhV357T5tLDnk="}},"X0D3DDtUem4Na9RmPkHuFvaFFszhqGSvQacKIprjcHk=":{"valueMac":{"type":"Buffer","data":"oCNRQutQdHEIh3vU5s4Z3jIFYbotgJFpFjVolsKJjCo="}},"Y9zy/lZnGKE5GHKvdwL2gICaTvfDvEEcKtW0LIzA0kg=":{"valueMac":{"type":"Buffer","data":"eyNJPFJtvQX3XAqz7DdrrdJmD77YoAn9q3kuxZ7APLw="}},"ZOClg8IFqOp+kPbpMBoKCJfQGVlvTLTTntKpMvnUztg=":{"valueMac":{"type":"Buffer","data":"1ZtsiuEc+y7+BW8bDCYPB8qJZ4kfA/O93t4naBJGPjU="}},"aLkozc5EJI7AuiViag3csEmhfPrr3WmJesbTX7fgcmM=":{"valueMac":{"type":"Buffer","data":"DN6hpKxxfJV/eMngP+Iz/tV0dI2tK5z6qu0XKB9ENjQ="}},"a0qQB9DiBSAbLopbC6ESk81RkbR+2Yt3LJ/YTkUkuI4=":{"valueMac":{"type":"Buffer","data":"KfguQv4zJ0z4eopWVOadcRTGnruNZs0QJLe7ZbF42i4="}},"bGjyI/GfAZyMrEkh3IinuO7rwIvEokmwouJ00WC58Pk=":{"valueMac":{"type":"Buffer","data":"2eksxkxUnzmyMzufZrbVfn5Q8eyURofg+mNQ/hIbW2A="}},"ceRQsSJX4RNgP2X2Kye4h/WOrGCZFEKN1QJ2pH9mhFg=":{"valueMac":{"type":"Buffer","data":"6OOzAIArcKjqfKB2ryJzPn315zG6MW1tm5pb3NUeSug="}},"dwll5v+/pB8+vmeGfyhv92Aen+j+AasYwlsF5TsSbao=":{"valueMac":{"type":"Buffer","data":"CTwFRobXa0qUPBq+m9Jy0J4yKYW3Sf21tS4PHFtLquU="}},"d9aKjpw1zraHoRDvFdqShRDBQ4DbxEbUjccaxeYbNfM=":{"valueMac":{"type":"Buffer","data":"IB9Q5tTwg106Sh+YZRZVmPHpikC+l4QJ6nGG0F/CxSs="}},"eDbehePEERdhO8Nom+wvifkYivebjv/xg8xmct3X5Vs=":{"valueMac":{"type":"Buffer","data":"H/4LOKLnu1TolEDfh90ZTInY5qFFF0p3dPFxe7hc5No="}},"eNlm7zaWUv2SVJFZQMUQJ6xFEwQeuWT8mIhXNaGUqBM=":{"valueMac":{"type":"Buffer","data":"6ymPXE3xjEPZ7qaHcGw7HdGxWpVH2ueZbbdOJwJo7gs="}},"gLQ43yAVF3MwVUMtKttTcH/BSG7rYMknNuVD94LsTv4=":{"valueMac":{"type":"Buffer","data":"3azgzlg58gTHTC/YCA/hKJ8srPw2fLOuynqpA0ybP04="}},"g04X+im4mD2y+Zqc9RKPAiyAGoyd4TsmbG+qGWiKqHM=":{"valueMac":{"type":"Buffer","data":"YyOHB3JtKk9EstCetli1aY5bJIxaxtrLjaINIBoPdSQ="}},"ifwm5zwfnjkjFytzhOR9DOnQaep4fdZe+LFOPw7t3bs=":{"valueMac":{"type":"Buffer","data":"jDqltBhoZIDIGubi83NgHir9xjvS0x7G+UGHn81rnl8="}},"ihr9gcAnYeU39sHjSgXWCFVr1noeADi3L2zwO3LKANI=":{"valueMac":{"type":"Buffer","data":"+sGku/iFpqb0wyq99omltxhuq5Nvbi9r5hrE/IpIlc8="}},"jNhJzWaD90EmvEpJ0Fx38Vm8o+SvHJOgbj8smcLja8A=":{"valueMac":{"type":"Buffer","data":"Jta5Ef95AVOp4KrWk2e3R4SeoYvUzyogOiR123ONMzI="}},"kMP+YkUAv+bGHTXcS/lMmlAliAKYufBRa2fwb111Rx4=":{"valueMac":{"type":"Buffer","data":"u+ErZT6Q15Ag/4mCsp9eWa7C+V1aAtqOIqXJbnIBgQU="}},"kpfI6BzCDMQt62Am/QEVsKw4Nly+j/ZBY4CHFmL9FGI=":{"valueMac":{"type":"Buffer","data":"JEoCvbW6Prgnc9fhsd8rh4bjLtGcF/hK3tCViRDLIUA="}},"kry0BC8lburH1V4mdJsuCklacCgfwETMbPQMES3y3W0=":{"valueMac":{"type":"Buffer","data":"GDZe2G4Ju3JKJh79nqwAi+OfYEhtO2BVhFXwwnJXkA4="}},"lSWRk6mnnwlxYDZv30TxLaDz4vFDuBjPzK6dfUla+ow=":{"valueMac":{"type":"Buffer","data":"LvbABPVM8f0KN4xfFSFyNdYGv7K15jgGXLz2Q3dd6Xc="}},"lb6HFDBTyDF1ItmhPVjHEYfXyZ7vyovPEwtrp+AjFoM=":{"valueMac":{"type":"Buffer","data":"t0vSSTH9SL4DoSbNRDo1Xah7iXnuV8UV8JoQPrKAY/M="}},"mlVat1rs3YYBClnRmHd9mhpt/wtJPM6lDn6KnkIu7aA=":{"valueMac":{"type":"Buffer","data":"NPV5dabUgUxpAJPn+f9JSlm90r0bV9of6H+t8QiN5Dw="}},"nTqaEIT+f4SwStX2vNa8QF1RmMIV7CTmZtsbO/4NP7I=":{"valueMac":{"type":"Buffer","data":"y7/FOi+t5OSEbR+xmYnTzsjdcvn/auIEGUZefZGEHXU="}},"qp79R9Hk7e79K9Wxh5+jyv2IgQO4vw38iaoDXpFc66I=":{"valueMac":{"type":"Buffer","data":"S9ZtpIHoPik+HvrL9odOGD9vi5EVPy2cL2GYBQt9QbU="}},"q6p00TG38jKsBd1XTE/tPmqqVciBoeHVo72neSdSQV8=":{"valueMac":{"type":"Buffer","data":"o0pnwVr+hOGhTrWyB9ru9fxOLpziuCYVxXyE1LFKaRc="}},"r7Nkk54J+BbjQ5izlhM65tz45atl2VUhtOqkTevtckQ=":{"valueMac":{"type":"Buffer","data":"RzpQcjkvLWEjcq8LmNBtZE//7EYH7YWwkV1f5Ex9vSs="}},"sgaGcjZceNW+5w2W4FIAwDT/DbdI+SJZvGCmfYCe4LE=":{"valueMac":{"type":"Buffer","data":"4FaBwzO6xH+/8PMROy03wGzuNjhxKz+yA1kPA9f6MmQ="}},"tCj6fameBk3WZsHgZ4JpCm1yrpwQA9VBxorQS0F/o8A=":{"valueMac":{"type":"Buffer","data":"2iB016q7hKjcnzSAdtDkvNHeOu/N9pxFkVYi+KyJDO4="}},"tZao/0/8ptsP1P427DTnyiAuD95ghxxF5zZii7DYwo0=":{"valueMac":{"type":"Buffer","data":"wXsjjkXTDkq5g/DkhbgaPvYTJ1wmOKxfWEgfMFD5WLk="}},"uIxV/7I52IYoMP3HA2IKLKpRnEAo5Nstrn97sLAgpPE=":{"valueMac":{"type":"Buffer","data":"ZD+yi5VqYb9o+U/EWdaqtZ1TiB+XA1vjBRNXnuZ1X4k="}},"u1rHkrfh5f76eDLaYtZStSx6YWcdQjfIjJTpktVuDeg=":{"valueMac":{"type":"Buffer","data":"IMiL1rqWET6sI50WVL5XGW0prhEolmQzyplt6jpXfsw="}},"wHnNMF+GfNbaJU3g+rziWGKgYe/PNLftbFJXiuXL7D8=":{"valueMac":{"type":"Buffer","data":"n7U7hEgGKClHZLd7IUmc9jGOOkXT+pE5Sbb1dBmYCRA="}},"xgkW2eiquFfgEf9aRSyHGuE834VHl6leUscdwhkBgD4=":{"valueMac":{"type":"Buffer","data":"TCiJjCjTtnQ9meFvGyS75+sxavPL6IxjA6Iudx8MJjs="}},"0dppRB6zPohsFePx9gLsxtny0sIb9C3X2YwNqVXNiOg=":{"valueMac":{"type":"Buffer","data":"gkRKCzXS69tCa2tt6BibviUsMn7WX7GghDkTfuzYNPc="}},"1OYy1Pe7VqNuh8f8d0ecxer//8rQ6dIF6lT55G3gOVw=":{"valueMac":{"type":"Buffer","data":"U6s8GfqdZeq/6EkoddLnL768eDDC2D2vJo1EvxCFdmY="}},"1uJoHrBJGIfI6iZMn22kT957x4N4WboJ+azIj/FQbhU=":{"valueMac":{"type":"Buffer","data":"ziIRrBsd+JcMTxYu9z9kMJ+QghdzfZmlfqGfFbxaJdI="}},"11qLRd9rQ3Qkn9r9UhPmtLMxgH3w38MJPlGhkBTVybk=":{"valueMac":{"type":"Buffer","data":"vza5WPZRzTRROSd7NywfxsMMpA1gOspMjACjdeY8+qI="}},"12g6HpHeqn9geQHG8IAX9AXTmX3NK+UvBvci88jfa4U=":{"valueMac":{"type":"Buffer","data":"q0WcovXsfONAC+p14ShA48zeZY3kWIWIOTTg2Pm7Wqs="}},"2Wd0aaIdDjxjjk5idXRit0WVZ0SJNxx4KgOxPxJOOdE=":{"valueMac":{"type":"Buffer","data":"Hi4A4Iqh273k8aefg9F9qLEwnqnB0fHD6ME3PBOrG5M="}},"2YudKknrwC7PN6ZbU2D4NSDrPlYj/eYQo0aiD4pEPsw=":{"valueMac":{"type":"Buffer","data":"OnccHLgjEAuwzUsopZDC6g9e7O+Ywyf4K0UVHuXIfQA="}},"3I04CQp0ZsS87sI5nUy20MI2u0JnYahst2bI8+V476A=":{"valueMac":{"type":"Buffer","data":"lPvh2aUwHX1WYiM5hwnWDkS6M/lK4nOPYhgAjPr2jJI="}},"3XlQTXgnKXiEj9T8+VaQPSoL8nvsvtKzxb5OmP30R4M=":{"valueMac":{"type":"Buffer","data":"yJUR17bCvkV+Rb70HTiG4XGdZeFpDZpF+hDDNkU2ezA="}},"4NUf7YGXsUTkRQ8//Y4MTah0lEm4dXe0cXAQ56FunnE=":{"valueMac":{"type":"Buffer","data":"ejbcQJGGIy1FfpoadW7KbwqOv+rQJFlPiloMgwhuMNk="}},"5nhBGTvV8yZ/RwryPMNpoDppIdVOSMiFP+lFX1Hr/Dc=":{"valueMac":{"type":"Buffer","data":"2mJNT/fNJlNWfQOOMYfC7IRHIBjrDHTgp7wEEFwAI2M="}},"5qE6BCFBMwIarSc3jazGawdicnYT2aNuAfczI3pjQfU=":{"valueMac":{"type":"Buffer","data":"BbYg4iS0bY5UwaW4nGKehOi1t7mY/HUMj7wWZv4XBxQ="}},"5yPphTX8yGtERN7CnCzSrrflu1zpdTbu2tv6ANuy2nw=":{"valueMac":{"type":"Buffer","data":"9B0wI6VwjK0xkSqzbqkt4LIoT7CR/6DDLllcjKefibI="}},"6TucYcVFM+Cy6tIt7UYM5vXBqOAR8zNuVm1D/iJXMZg=":{"valueMac":{"type":"Buffer","data":"wtm2TPgIigOA4riyeeOru6hm4xRMsafeK2j+LVlxaZs="}},"6ZhZNYNjemvX+rRCVuQrcyVI1l2Gc0RZxrKHut8v0vY=":{"valueMac":{"type":"Buffer","data":"od5ivGZHcfSaFyTgxiHnh5dSz3RcceK0lWHbfoPKFWI="}},"6fQwoQQc5q2pyW6lOrqoFNxG+v3x0cBlTkfUa33l46g=":{"valueMac":{"type":"Buffer","data":"oB6QicKFRNexuCskO6u4rOhFWan/dPPnJtlpwwwoGb0="}},"6r+qUVp6ycg3QtjGRTJ4BNQNhEZTvBCuKKSxHLymtZs=":{"valueMac":{"type":"Buffer","data":"HdM2TBbA7CaoN8QaWYxEh2xsg9KXMXWVVFF/rt/fSis="}},"7QjakasRs4aePle2JBW2Un3syGGlvoanqu/uLdXaQPQ=":{"valueMac":{"type":"Buffer","data":"/kQpJIjh0FO+8AL8lbRlx9z6fJANPnh54WEMRF4l4WA="}},"8mmBJ0cxWtATyiGuUHJTq+GDXLtrS7HWio733Hc6W+Q=":{"valueMac":{"type":"Buffer","data":"EDUC35AHebNFgi8f2Ew+xWNVVBsqw6ZBQO8TVYggwsc="}},"81KHKoGwv1RUetp0GMGlA7iQZi+A7tLxAE6Hbv4k4KE=":{"valueMac":{"type":"Buffer","data":"8SXXhGjJiCLMBsHlJoxFLWQBD1NaSAXroTN5xyyQogg="}},"/j2RUf4vQDJTm+J5FY6ZDyHRbBGVGR5Pg5Ja0DwjWJU=":{"valueMac":{"type":"Buffer","data":"LhtBuLMjWZzTJinHbSXoK2RjvSzvQoylfKCPBHO1/uY="}},"/9HPEHecWKdgR83Qupf1PQJTuKtDGkMtHKRwGblWeIw=":{"valueMac":{"type":"Buffer","data":"hrWB28HR5o/CkBcrHzMtssxQQrWIMj960QTkkaI2xYA="}},"nrgmhVuhXtlKKY263/N8VETjATBuVBja4khdfyG7wOI=":{"valueMac":{"type":"Buffer","data":"IYDh0nXfyoZjrmAeh0ukveusVu2XRqde/FwELYWYMoA="}},"od5gt1q2Yg9kkKFBlIf2E/Hu7A7iHubZsJOF7GNYFl0=":{"valueMac":{"type":"Buffer","data":"HtvzFnkFnvSfyX67DIx7NlnsBxpEpZeAqmQezxydetg="}},"43Xm5Ha5nQ7bE/ew5jZVPvFJqjQvoATxrQ9auHZ2xPE=":{"valueMac":{"type":"Buffer","data":"QhOt7c2jqltOW2WxTv5ruaVvoUWmhaYvUNixx9Tm57I="}},"XYW/xbU66RMAKRbWsJfZOSxCBY3B3mJ0fk07c+2Xq/A=":{"valueMac":{"type":"Buffer","data":"ZjmJQ8w6gj8+KKeI8V66x3FnYaG+T72Yd9l6+de+NA0="}},"Iy3SWL+dpyYCSXfrQmGo7eDkW/6twOuCahq4od4yvZI=":{"valueMac":{"type":"Buffer","data":"GMr5u22TOepPQQqtzRKXQHArRd/nzgMAAJHOV81qUbg="}},"eRMYRzQzpPsoK2WDDqK1aG/Gt6mrxwU8lUBD5cdz4hc=":{"valueMac":{"type":"Buffer","data":"t36McvnKkRjtnyvQWN1iTUOIpneTMCEpv7MmdXPvJjk="}},"nOmGXQ2HST388Mb9/u4FmPUIhscWcp5RWf+Dw2TNxMM=":{"valueMac":{"type":"Buffer","data":"wYQlNzf/PIrlEk8OpuVNYbGn2z5su49sNPrhAgsUAo4="}}}}