{"version":21,"hash":{"type":"Buffer","data":"o+cV/f/T0Rln6nVmP8CR6rRWyLnPzAeLN6bHA0tDCEf5D8S7+ElMzhqVGCPsT1jk4T40fSakhuof10OsKb5ds37RabGon+w2vzGDdAj6qrogrF/7emyxuxEXE2uBEmWlnlVXcHLKHVNIQcorIwMxlDzI/JtA/LfZCZZrO0WVF6U="},"indexValueMap":{"Cq9smB9W9KpkqoD29gCn5fOl93Uk83Dsh4k/wvfROls=":{"valueMac":{"type":"Buffer","data":"dHN66VAyTWMEqI0c5Us/ew6r01ZssLNhsUrjVmSi0Ow="}},"EzcsbLUKIThjUHXxSOsIRwwUOAj/Sp7pwJIGwP4BrKM=":{"valueMac":{"type":"Buffer","data":"msBdW5F0Gb1426Aj0s6TXSIG1ZBhevBGCm0P69oC5ro="}},"FaGhFpd4aLjrIr6qngwiSmR9uH9HPD4RUOkiS0YmSzU=":{"valueMac":{"type":"Buffer","data":"mTRPQoKXFAlM9JiQ3WbW1sV92W1dZAkfO0MT0wBc+z4="}},"F9ndw2pM8/S5nLqYU38keujnKX/Cbar5a2BYqhbfIJM=":{"valueMac":{"type":"Buffer","data":"ErwiGJhW9jRa0qYwI7DOWoYedtDQmQNW5fwNGiRCqNI="}},"GZPNuWZlC01oP7B5Hs12HpqUj/qrp5n5BNATgNMLb88=":{"valueMac":{"type":"Buffer","data":"WUrkgLTloow1iwCTs9cFSSnz7yk6oAAZgQmkNYGfdSU="}},"G7QnkNAzbMNWGHeKjuO4R6sfYdY9EulFzUuhdiCzTFo=":{"valueMac":{"type":"Buffer","data":"3t/ZIaYVYNlF3j5Fzmg9ANKaoqR5Djdn+RzsfgRHWZk="}},"IwqjyF+BM0ktLlCLDWcOoGOwz7zFIjp4CsBBpLSgf/o=":{"valueMac":{"type":"Buffer","data":"vPTfnUYsMlBUdY8Gx8N0wRlf7PdxfDmxgWUiYqiSajM="}},"JCO7smH6lWU9PtsFY/130GxkpmEJa+ujR5F7oYdgeS0=":{"valueMac":{"type":"Buffer","data":"gsEsR9VWJCZPaV8QRktNnvrR1vofO4N8FfqH1sCRb5Y="}},"KwMRaak9+O0+H4eDKToQLqB0T3WCSnnKmv0bMZKqSYk=":{"valueMac":{"type":"Buffer","data":"BA9MympZypytAdAO74SZg4kTV3huyTLSL3aCV5QLDGA="}},"Lh6o901CQF0sLWkMYFPnPXOhhe1z2t6b+asPOEB3bzg=":{"valueMac":{"type":"Buffer","data":"3z8A3T9b9CLQioHJL3Ew9KsmdDBK7hueEOcc5tJ/N40="}},"Mf4F/PJp0EMNBmtJTgBsI6hDyoMF1xdpCMxid5SIAUU=":{"valueMac":{"type":"Buffer","data":"9d70ioVSTw3hFUv0vuhbM5SLe6mYoPf+WZZk6eaDjUE="}},"NvyzWo+5NOfRV7VSInu1hnVorrT5HwjRTWaFCOFuvCM=":{"valueMac":{"type":"Buffer","data":"xp2vXfwM3m1/avmjqQoORXVPKfzCrEop6to+uWVJVPY="}},"RkUSZUiuwsgcjvU1ygZUqVxocm4YfyYB39MUMhUMvAg=":{"valueMac":{"type":"Buffer","data":"inIEK+X9vbtea+8U9jb7q6dRSvTSpXOiwImZMo20PxY="}},"TRipdd8eDxznOH1FmA9PNVXc9lGfxYajshI+gnGhCQ8=":{"valueMac":{"type":"Buffer","data":"DEUXNdaOVGCemYGJQjvzhbI/dN2ivkaZ/0zkGlZees8="}},"VyhhS04tyQLTJjqVTICsucIoLoHaR413hSHNxLwkAYI=":{"valueMac":{"type":"Buffer","data":"sCY3fBGVDv68tc/F42PZuwz5SNhYrN0KacivIHX4tYA="}},"bFPHNRUGzf0Tuz5IKfj5xFaWnDGcVLx5T4mwXRViibw=":{"valueMac":{"type":"Buffer","data":"RCZKbRf72k6nkQ+fr9MuPVe7PXckfjhnAa/7+KUTVmE="}},"du2coe2kxNvIS+7lFRO0xh6R4n8RwWRC4hK7/zjDTR0=":{"valueMac":{"type":"Buffer","data":"8iB4nBGoOuJ5+uJMjrVsXVPM2oS+AxbnAzqK+mRD0Dc="}},"fQGDLscDXz1GDbXygFqDEMTcwM8gvx2u3OgxAkMsGw8=":{"valueMac":{"type":"Buffer","data":"5vnaCAf2wzOp6iaWqGGZ8AeJBylkeIIoyqU/dNwaYlU="}},"frcwX4OWtq192WZ4N80+XUE/4K5O5/CCZPYv4qRXMR0=":{"valueMac":{"type":"Buffer","data":"fqmAXqOzf1Q74h8iBtuRoie2hyGJszz5nP/cKJosalA="}},"kUPcdTnxYIpWLizxdEzBhWz2MFwQ075rq2UGMIryniQ=":{"valueMac":{"type":"Buffer","data":"3UR3LkYkIZZRlxkqS0UHYREF/D1NUXF8QSlRamW80sM="}},"lS+MyVdnW/GIRnrz9xZix9iuwkiWkd4VKeuYrYbyZ/U=":{"valueMac":{"type":"Buffer","data":"Wusk4KP+5jf6r+FRn4SLAmxocx1K0twaZsiE10/uK98="}},"nc1KuAiWLgS317IZCZyPGjozVuXuvSMehejmWAlWcU8=":{"valueMac":{"type":"Buffer","data":"S1Q44uoNrFdO1bUsFA15byMzvXqrCU6oCCZjNJKDut0="}},"njtwxv+t5K95aDsoogi8mVx4u9yO2Emc8UVpCrKRwcE=":{"valueMac":{"type":"Buffer","data":"yNZY98ThCSk1Rhq0n0Ysl1KzcbDkcyJeNN08Pp/OEx8="}},"nrOGwrHG2tSbJYIPifizonf1hOEIWUjjpKr3oLzqgfU=":{"valueMac":{"type":"Buffer","data":"pqfKNcoXqZjQcRDpCeByQTU7ffYSgHQNHz/W28SgrSE="}},"pC1y/XPkct7RdfXaHquCBeMRk8zPyCrRzUFAlRVoPGk=":{"valueMac":{"type":"Buffer","data":"fexrDYvGrAwpso8XQK5VQPgMoGzP5Mu3yEbNnYzSY8M="}},"pQY1DWfIUYhyCUuge1p4oAb24tTb375mJxzuZV9dN5U=":{"valueMac":{"type":"Buffer","data":"qm3GVaXye+Y13khnp6EZFkSjsYjrfgqAWeJzWmn5vCM="}},"pkM/ZhtGJpZ6GbVxjrXt2A2JAch++KKHZhQQ8tjzoRM=":{"valueMac":{"type":"Buffer","data":"Gc2PKIukgPKTMjOAmRMUxz9an30lcncQoeQFn5zlYXI="}},"pvGiND3CCfLaQMZVAo50tLsFO/ik/lXtfeynFblQ4Wg=":{"valueMac":{"type":"Buffer","data":"1TT5xHASKjZpOlvoPEd5aKMZ5mpU06zqKJLuOUgYhvY="}},"p42NXW9KIo4UK1g/9wRkmGiBruB6E2rjTjXLqCZYM1U=":{"valueMac":{"type":"Buffer","data":"/GQY82dIMCAfO8eKVrghmdUQUOfg9AwT/zLF72qR0G4="}},"ql4bSzh7wgkwpvKQfeCgJKkudYXwmiHrgm4Pg0bBSDg=":{"valueMac":{"type":"Buffer","data":"1Ou/0ME2hSLimATeS5aC3IAc7GOo/AqOPdYX+iW+g5Y="}},"rya22eslUeRxaJ+7b8+Wap8TbB5+FFPySMHokFpUZes=":{"valueMac":{"type":"Buffer","data":"b+tPWhukUdVF7LkaDXcaYFW8L2YQbWglywY64K4ya7w="}},"uLdSgD1LyvLM4HGL3PPItc32XWr6dnRwrdZcnwudGgc=":{"valueMac":{"type":"Buffer","data":"Sj9k0O7TlWwdRGfegdOVQvvnBxGBEJGjd7x0kpMzmNs="}},"wcko/3ytrghVu5a+QZ7zh7AEddY6abIav82q776PeXg=":{"valueMac":{"type":"Buffer","data":"D8jUP8V6RkUZkBtR4KaCggbqq3mDVXYxjJe/25BleBc="}},"w38+LtqyXfHoIteuYCkOAKDJo1JfqvSz/0NhMZZSTFI=":{"valueMac":{"type":"Buffer","data":"fOGNGyjdchI4/+dwNrxHKYiBn9IU92JW7Xn3p5zDg5s="}},"x9iHePnZ5WJP0FxdvSSMN20nB+SDFid2vg5dlKpbWu4=":{"valueMac":{"type":"Buffer","data":"pF3ZX2iBiLR9wAzuHxHqxhE6V0CqhZH5ITOXAfMTWy0="}},"1X8fgfhkT6FdFUb3nUJ2+ZMJM/v5UH6jegp9aeUP5AQ=":{"valueMac":{"type":"Buffer","data":"xPn9qcAhOLTQji1IQJoOOvGJR3jmlI+6oQLjgBAnkNk="}},"2SY66lmyIIGuLnohbv81FDa9GvuEQA9r1/73lsq6Q44=":{"valueMac":{"type":"Buffer","data":"pASbi1/76eYBrwJxRL3k1PgOmuDRT3zVgfLITo4wtkw="}},"3MFOY8s2P5DzBMlgA0RyqiVx40dfmzDoaF85oEycmL8=":{"valueMac":{"type":"Buffer","data":"FGkrtVfvc02WXhTfuUDmZ0prBJAGhuc1MQ8xTLS4pvY="}},"49haOHJvJn/gaImPMqRffs8gCiQqET5UqyL5VjdYB+I=":{"valueMac":{"type":"Buffer","data":"TFHoFmnsSTK0tpjPr3vN8UKG31gPM5Ptf/0LH9lBXPk="}},"5k4rUio7Z+YR5+ub29yOeGPXSqDpTnHJEB2ra/HN8Xk=":{"valueMac":{"type":"Buffer","data":"fLCjpk7h/AxyV881ec6RXKdgo2Yvf2xMQEInGlV55gQ="}},"6Mfnuep5k6YGM9Rklwm/yPum/5wGbT8MAYn89vJKsZE=":{"valueMac":{"type":"Buffer","data":"37S+ze/9//UJytJ+i5Sd9679FIMtBGYAWlbG5Yqau4A="}},"9d+aOEeLLjo8v3MOxry4omoLug2CNK9nH/WuxO/73P0=":{"valueMac":{"type":"Buffer","data":"BDCu6HkOWtGyJ/+1SWjbMlmBpLfeHZ/HyKk+E/8Uu/A="}},"+0J2kOsfHneLcijtVoak/qkBibjxKsEYyGeQMmqGSds=":{"valueMac":{"type":"Buffer","data":"l7zy3Lojvtcjc/BA+tGc3UYaMRvvPufGnuYeUM7uZM0="}},"/xFDNhdS3mZ6K2vzbmCslPnQS/Gehgqi9xQsT7RjV+w=":{"valueMac":{"type":"Buffer","data":"aXm9FkutfgpAkTEXT8YRMYg1/pEwITe2zNjiNMVP0a0="}},"G6feoGSvhckLsnEQfjr5+8/R0r4rvWyOcDaJ/2VQizo=":{"valueMac":{"type":"Buffer","data":"MHK63jgEnQQ3+y/C9ZHV6O1QQDfCkTSTdMgHD+JSPNU="}},"g543sFCpqM40LPZWIJVZOMz6szcBjz/EkvjsjgLQQXU=":{"valueMac":{"type":"Buffer","data":"gXttFuwzbzfu7Na8OWjuHk7OmMVLFwjhmzF5+onkwws="}},"Z+2+wx+UXLxqpAujjw9yL+PWBibIVD5mDh/4k9XgnwY=":{"valueMac":{"type":"Buffer","data":"VY9fTCZA4F4aoo5HGex2OQwM3o/t3W8JTl/EGTWl3UI="}}}}