{"noiseKey":{"private":{"type":"Buffer","data":"IPCkTrF5dOoNBitk5uBb3bl+wv1bpoiUFeudCAwXqlY="},"public":{"type":"Buffer","data":"eQ3llwIOL1Czbvl5es7v70gnkBvodQ0o0/+n/rig4zc="}},"pairingEphemeralKeyPair":{"private":{"type":"Buffer","data":"+Mk6GAXSdvIZ/4yO+2fmyToT5oUdpwhFordsSLEFC1c="},"public":{"type":"Buffer","data":"/lYShHHVNHmktZq6aFe1aDHW09Mi5PBRqTutdS3AHSk="}},"signedIdentityKey":{"private":{"type":"Buffer","data":"SBNaiWk92kcgJW/q6DLB1fZ3lrFEwrROHtawi0uY/lM="},"public":{"type":"Buffer","data":"cNdq6PGS24JmjSep1CfB4DHXlkgBYEmIqp3WeEzpp0M="}},"signedPreKey":{"keyPair":{"private":{"type":"Buffer","data":"gJSUSn0R0HFghPMBMGe6n0NBjHVpw/ozQPkPz2/evEA="},"public":{"type":"Buffer","data":"dk+Spbg5+Pxf0N5tbveAcV9QhIUt+cCnhsIhy31jlHY="}},"signature":{"type":"Buffer","data":"RHcnp6IQ+V5NzLpGx10Q/9I0RBOMpWNaNtACNQ0f04TtGNYDTvqHs9qkgWM1d7ZQgpO3MfMX+gQSHRpnYXYeAg=="},"keyId":1},"registrationId":74,"advSecretKey":"HEvSwDFr0Ghsv+CruMnUigthxS/MVlJitmD0YDBeFpc=","processedHistoryMessages":[{"key":{"remoteJid":"916200844974@s.whatsapp.net","fromMe":true,"id":"3A5246D3611991488ED3"},"messageTimestamp":1742616367},{"key":{"remoteJid":"916200844974@s.whatsapp.net","fromMe":true,"id":"3A67C811BF1C0C7B8ED9"},"messageTimestamp":1742616370},{"key":{"remoteJid":"916200844974@s.whatsapp.net","fromMe":true,"id":"3AD890B622338DAAE21B"},"messageTimestamp":1742616392},{"key":{"remoteJid":"916200844974@s.whatsapp.net","fromMe":true,"id":"3A6EDF5A86A19F8A4969"},"messageTimestamp":1742616399}],"nextPreKeyId":31,"firstUnuploadedPreKeyId":31,"accountSyncCounter":1,"accountSettings":{"unarchiveChats":false},"registered":false,"account":{"details":"CJKVqPAOEKHu+L4GGAMgACgA","accountSignatureKey":"DgK0evDS+/5OfYUEnLu/F1cT72J+0FmOklZwjB3Zpxo=","accountSignature":"o7Q3oH0xTMA0i3yYNehN075EyDLfYOx4Y8hBWn3QV18sO7/ipcO1mFk9QLJPk9z0jhlVJb2Ud1VQ0SpiM0TaDw==","deviceSignature":"sw9K34oco+q6zyqSzlyFIpvwLxpxlxuz0nKYRjK+eI61JJHbqUI7vCyHrSgJFpNH7u9OhB2xgUWYRW5mtHMnBA=="},"me":{"id":"916200844974:39@s.whatsapp.net","name":"SoftEazy","lid":"67998190694583:39@lid"},"signalIdentities":[{"identifier":{"name":"916200844974:39@s.whatsapp.net","deviceId":0},"identifierKey":{"type":"Buffer","data":"BQ4CtHrw0vv+Tn2FBJy7vxdXE+9iftBZjpJWcIwd2aca"}}],"platform":"smbi","routingInfo":{"type":"Buffer","data":"CAgIAg=="},"lastAccountSyncTimestamp":1742616561,"lastPropHash":"2MFKPQ","myAppStateKeyId":"AAAAALVs"}