{"_sessions":{"BRt/JWAem/gKFYfHIE/yBPcCYtGeaEkIInZhiiQrqhw1":{"registrationId":4067785160,"currentRatchet":{"ephemeralKeyPair":{"pubKey":"BRd/uoafWUuPCelCZcx/nm4exuUVQxTwtWRC+qHLcydN","privKey":"ENcrGq82pZwg+a6K6AK5PlcREuKtqsVw+FDyEKXoHnE="},"lastRemoteEphemeralKey":"BYsf+WNb3T6bO1H65FMsZf5h3OfEIBot875MDsAco5g2","previousCounter":0,"rootKey":"X1GJRoDZ5vmfUXgPFTtVLZvVC5tbK3dKXCU5PI83Ljk="},"indexInfo":{"baseKey":"BRt/JWAem/gKFYfHIE/yBPcCYtGeaEkIInZhiiQrqhw1","baseKeyType":1,"closed":-1,"used":1742616563442,"created":1742616563442,"remoteIdentityKey":"BT35HNAAo3XH3AiAbzZiFxPpxmD2ZdZlYgv8LcgjjA1h"},"_chains":{"BRd/uoafWUuPCelCZcx/nm4exuUVQxTwtWRC+qHLcydN":{"chainKey":{"counter":4,"key":"0BybgSsWJz1PKZO3njYY3tzJ/uNQDLvTSkv8RB88+C8="},"chainType":1,"messageKeys":{}}},"pendingPreKey":{"signedKeyId":13335379,"baseKey":"BRt/JWAem/gKFYfHIE/yBPcCYtGeaEkIInZhiiQrqhw1"}}},"version":"v1"}