{"_sessions":{"BRY537HNZdqkJ6iocdl9czTPL9rUMKW9xxWTFNQG/Wo4":{"registrationId":91,"currentRatchet":{"ephemeralKeyPair":{"pubKey":"BZnXMkyyo2+1fTIddwwqk6XLNsQmJqZBgNV6GGZMXMAD","privKey":"CDWazZubrhPDhoY9YwPP1itWM9tT9YgeEeSrPCQwT10="},"lastRemoteEphemeralKey":"BYlHWsMIFhHxJ5CDTqqmL3bn7pc9vZY/wb2YSLc35UIZ","previousCounter":0,"rootKey":"QY+JfFb9P7mhlIDPT9QTOm/lWIgSh4V6YWpb7+yHI54="},"indexInfo":{"baseKey":"BRY537HNZdqkJ6iocdl9czTPL9rUMKW9xxWTFNQG/Wo4","baseKeyType":1,"closed":-1,"used":1742622813800,"created":1742622813800,"remoteIdentityKey":"BWu1KyOGFJkhb+IarJ8HIHaSqJ4+BoPC989OP4TNrIRe"},"_chains":{"BZnXMkyyo2+1fTIddwwqk6XLNsQmJqZBgNV6GGZMXMAD":{"chainKey":{"counter":5,"key":"BYEC4wMpRhWiz0kDtD8wkdibxAYKVrjhEjrtyhsySRA="},"chainType":1,"messageKeys":{}}},"pendingPreKey":{"signedKeyId":1,"baseKey":"BRY537HNZdqkJ6iocdl9czTPL9rUMKW9xxWTFNQG/Wo4"}}},"version":"v1"}