{"_sessions":{"BTYXeNA+geZa10xNiwF6ZxWTkXNxTQEKgZHBjrO1gTpc":{"registrationId":123,"currentRatchet":{"ephemeralKeyPair":{"pubKey":"BZm8ownCj61JqcZKQKdrRjmIVSlu0jDpvs4GM9tuhOAk","privKey":"yJu5vJ2eR5jtjOTtTzVqKsiM2r0Ax5tjSBifo2gwVlA="},"lastRemoteEphemeralKey":"BelmZmFtnxJpjiDvG7hOGDh8fmzSYmu1qT6RWUPBqMsO","previousCounter":0,"rootKey":"DJFOcdRjv5/VB31UNFirHNU7Oesu6zKMrgFJ2Soeg9Q="},"indexInfo":{"baseKey":"BTYXeNA+geZa10xNiwF6ZxWTkXNxTQEKgZHBjrO1gTpc","baseKeyType":1,"closed":-1,"used":1742622813798,"created":1742622813798,"remoteIdentityKey":"BXwXTqFvFFOhfs6uI9YvG5rnqa0bYjK5qYFC1wddQZVM"},"_chains":{"BZm8ownCj61JqcZKQKdrRjmIVSlu0jDpvs4GM9tuhOAk":{"chainKey":{"counter":5,"key":"USp0EVzne65R7HdSdir3w5sf6EKiRMwP8WEsMRz3TJI="},"chainType":1,"messageKeys":{}}},"pendingPreKey":{"signedKeyId":1,"baseKey":"BTYXeNA+geZa10xNiwF6ZxWTkXNxTQEKgZHBjrO1gTpc"}}},"version":"v1"}