{"_sessions":{"BZP63qdejX73ccwtyzG5pz0U7vcinEhep8pHgXJkKidy":{"registrationId":2525,"currentRatchet":{"ephemeralKeyPair":{"pubKey":"BTcIpFMTi1g6o5HImlZMZ1wP76kahwjT/xvmHESUTttW","privKey":"oC7gjH0OI7ZaC/Wn/NyrUPFDeBFzIttC4U3LCYeTa3M="},"lastRemoteEphemeralKey":"BX81jmKKEZklbxfA30n63VeseAKILprYrgBqhHhIPjV+","previousCounter":10,"rootKey":"Y6x2YwDE6yysDVVmmNEel+uwwSWju55VR9tF5kBpCC8="},"indexInfo":{"baseKey":"BZP63qdejX73ccwtyzG5pz0U7vcinEhep8pHgXJkKidy","baseKeyType":1,"closed":-1,"used":1742619860964,"created":1742616563441,"remoteIdentityKey":"BYpDXtUYaFrUWVWIb6fydnDBnfwbClz9IwHGIqSx/IpR"},"_chains":{"BX81jmKKEZklbxfA30n63VeseAKILprYrgBqhHhIPjV+":{"chainKey":{"counter":2,"key":"Z47NF4KFLyRskDvIB2vG8GYEhWOkrjqal14pcoL/C+4="},"chainType":2,"messageKeys":{}},"BTcIpFMTi1g6o5HImlZMZ1wP76kahwjT/xvmHESUTttW":{"chainKey":{"counter":0,"key":"cllF0DQvvyQmyGMeaKZRx0O4tVzhFCDafBuzD5MMG0A="},"chainType":1,"messageKeys":{}}}}},"version":"v1"}