{"_sessions":{"BUJZ0/GD3Y7g/hjscoJzwI0pUVf16pY91YIAM6XbzZgw":{"registrationId":484301282,"currentRatchet":{"ephemeralKeyPair":{"pubKey":"BYUt87xiyxvQrAnpjNC3G/JmijLCebaMMbIy1c61wJ8w","privKey":"gHgM51TeP2paZWjgfKplpVS68LoPGhH+Bx4GnaHcSkc="},"lastRemoteEphemeralKey":"BVtfaXBrQ+f4Ec8NApyHU7O0ouIYroz2gesEKvvV3Oh0","previousCounter":0,"rootKey":"2UDvj58aCDNVgD2yVua3d3HKShb6lhHDDwAw42rwe/k="},"indexInfo":{"baseKey":"BUJZ0/GD3Y7g/hjscoJzwI0pUVf16pY91YIAM6XbzZgw","baseKeyType":1,"closed":-1,"used":1742616670999,"created":1742616670999,"remoteIdentityKey":"BXdyU560WO+KncC6BcyTWC5WyINcgPOMNCI9Qqzqc+JS"},"_chains":{"BYUt87xiyxvQrAnpjNC3G/JmijLCebaMMbIy1c61wJ8w":{"chainKey":{"counter":20,"key":"mpr6JlvYfHNp48Af3BEhtWMLotThhxFcBcphCLKBRyM="},"chainType":1,"messageKeys":{}}},"pendingPreKey":{"signedKeyId":2205626,"baseKey":"BUJZ0/GD3Y7g/hjscoJzwI0pUVf16pY91YIAM6XbzZgw","preKeyId":2739}}},"version":"v1"}