{"version":57,"hash":{"type":"Buffer","data":"QT+MucIQ2aEhfJZ5YIOU95oBg5HOsoqZXGADcTB1wXJI0QwudKtrr6AyYEZoZyP9pLtFiSvdbVT/ESxW2VcPRkIaXStTg+CZaVpCpyViD4HSVjXtmty1v5aPlnw17+H6db/JsOyRrG2o3jKVUsjK6TYrzEgNj37M6c+0kdRtIzo="},"indexValueMap":{"AEeoXwPclWEYoEYReR9F3e2SCh3FBvfhFSMxmjGJIEY=":{"valueMac":{"type":"Buffer","data":"EdYQNvworHsIVWTtUQMEb9fVptJPyDUKicHFfpEo1z0="}},"B+0MKvNvuz3GAx2vSJvhVzLZ4AYJG/34LRuc31SnIxg=":{"valueMac":{"type":"Buffer","data":"vFaxqVTULKUCxXrYHcvGmGtLzjmimcDOZJJJufJJftA="}},"Cb6PK4wyj2hhFIWKs0ObdwetVSB6P+LgULYk85yDcAE=":{"valueMac":{"type":"Buffer","data":"LsyBqcRRrqfoGTg18MZy/mYM93Pwy3PSYoMReEaK48c="}},"HlrCA30CZ+MA4vPafJHCFZ4KY7pRxfI1K8jYm2eEJB8=":{"valueMac":{"type":"Buffer","data":"wb28lod9gnzAt516izROxhTo3uUiKtju4Kn7GXZoXvw="}},"PMD5n1x0/3e0s2bL1+dlk0T9XnAH1/PF55Pz2IsBTDk=":{"valueMac":{"type":"Buffer","data":"UF5xTAKUUjqs71mU1UuUyeYBU8dC0VqeIz50yybyOXE="}},"Pg8n62LwjM7eRwXuhM5l2Iay8Ohbmqbm9VKSNug7iqk=":{"valueMac":{"type":"Buffer","data":"oGTbWuu825K9CPDh5zb8wSaZPPs/fyp9oCZ2X21jW2Y="}},"QLqz0gyfvICShpTIkljQSvfTiKGl3Kt00xJAl+Iyi24=":{"valueMac":{"type":"Buffer","data":"6viZLVIlQ7SU4MwXv4xgTrgNkUz4RHnK1tkbxWeb5kY="}},"Q5YiXr91QvXr6/N+9KYkuz2/7p+x/pf+z9qFNkHHyD4=":{"valueMac":{"type":"Buffer","data":"ILTUbFlc1hlr6OOxPmIUSglkcyVXToxXPBMSPC3fbvo="}},"db0pdzOzrYqSFwstPiZKsBqilbLyidxGifCDKGKQiPo=":{"valueMac":{"type":"Buffer","data":"B6BxdfEQSBBHdpvKy1/bwTTSb3Z2G2i/EaD/h4k5uno="}},"gCOhBXgMaVWgJ+xBP0kruCUZ17p9FvTw6v3SEWDbVc4=":{"valueMac":{"type":"Buffer","data":"kCQSjcNQuqfYhAcsNzKkMIt+jpv5xQWOGm0n7ER88/U="}},"gCrw1iOAADINVkQxcXC7kA5IYkoyXZnp5mvREWxotm4=":{"valueMac":{"type":"Buffer","data":"HKm8MEj5GaoGoQxN0wkbUQ+tDxSBOtu7Jd4SbuITXKw="}},"pHMermlppqo+PG0xPeqewjSNu/bcpzr9Qv16ZMoHdRA=":{"valueMac":{"type":"Buffer","data":"5e4x50cgEJv7+k//fpntWDtjBp/uayeD1DfwwenTCEw="}},"0gH3toONGldc8JB2af3A3xsgEXoZ/yEnvLLGVxSXFVs=":{"valueMac":{"type":"Buffer","data":"4+iJStBQYZDO+WjCXcudZrPURRpTzUCDrd6I83azaWs="}},"1hUF177mzSO0DI/8HBod8x+ZvBh3WFho7Ak0aLvGAzA=":{"valueMac":{"type":"Buffer","data":"GybyDE2TleO5UrISVAPc82bXz4ceqDI9N9QSdvdAEFs="}},"2L3XFXXMO6vIlQ6QiJhuRPXm+58uh2ng/QyKA8WWQPc=":{"valueMac":{"type":"Buffer","data":"HtbMtG22p8uPsP/E8QAEjOKKS3OPnUq1puch0mJAeP4="}},"3q6Pq7kdYk7BZYd3akMAcJe5Lli12w9bBwhFU6aQv3c=":{"valueMac":{"type":"Buffer","data":"+Y9XkV8nWS5xmOJDfp0kvkStcCQd/QDGxIQG0wIlUGM="}},"/a/R4PC1VCBfye1HKbqHWIifIUG8tSjTSzIxIHPAUv4=":{"valueMac":{"type":"Buffer","data":"ZNRZ/0noaHdM57FL0D8kj2YPHdJuHbbmK0Yknc5/hwE="}},"aJXyNvNbe92BJmXshAiQVzBOvTlJcmV0JEG9zgahgCw=":{"valueMac":{"type":"Buffer","data":"l7XbXFejUx9asVEBrTf5NxaAdpPVMeBPYBpwhyb1xgs="}},"V1I6NLOaHDonJeUqC7pZ/CtaoP6BGm8BxltZYSe0hRM=":{"valueMac":{"type":"Buffer","data":"AjlulRXWjba9DS8+b0nwJVjh1HE9eKuJtGxD8tSN5RE="}},"/nu3IMPiufok5iOK75QfqDQ5aez0tPhUasw36myut4M=":{"valueMac":{"type":"Buffer","data":"J/dOW8+Ss9wQSqeQsZFzALb7Gzu3VIC6REElfXTv4hk="}},"eeNWF6MwsGZFCm1t7y3zFNBuCe1jbAEDg3UzeTLxE0o=":{"valueMac":{"type":"Buffer","data":"IKt62zvBpcLQj8JMEfYX5dL/yYc7N+fFEsC2byChJcY="}}}}