{"version":219,"hash":{"type":"Buffer","data":"vmLtpexlbANW0YrwBnCObcZmveCHey6uaxmf4V2or8zaiVeyPSvyFU5Rc2YlIWcGBmEP+6GxHZLHWLqjbmlJL3ID8ULwXIC8Xp/NzRakVBihJ7i7coUOxJYBtN/iqu1RUErE+1aZ3/fCH0IyIqxjHcL6FmLSGkLyMMILIuf4WuY="},"indexValueMap":{"ABQYFoN/Hf+Z6ivMQUPNXF9Iv5aLa/Tn0BpvbFqfKiU=":{"valueMac":{"type":"Buffer","data":"fmLGxQ2qUE6NWS0hdziiFmx5AYB3gQoeglJUNNzxTog="}},"AGq8Kf9ftyenW2tXPecoZ8fJpgFIctSjb3DtOHAH1zU=":{"valueMac":{"type":"Buffer","data":"f338G7RWK77a80GMBDvUTMlH9FBaCe/6zp+0Y+I0HBE="}},"AG+B3ItEq0pfHQ8AC6Qa85G9v+Es6HRAsas0XPd38Ns=":{"valueMac":{"type":"Buffer","data":"B3pHmfsQynSxfgO45DiYJ9nbgAUUDWGUEvUUhaVS+dc="}},"AQ7UG2vqCHZt2xt6l14xKBEU0bL3NV2Vx4CDZRYrKtg=":{"valueMac":{"type":"Buffer","data":"OhnO8qmXGe+wZdCdA9Lk4r7ffntgW+NQ+IUBQ2wX2A4="}},"AiDc5ehM0Rh9mldi1RyzCLLoxfAjstY319Fsvre58JU=":{"valueMac":{"type":"Buffer","data":"26Sw+fnZhd6TFFWTR6fgwIcHGILxYbRGnSg0S7HOOcI="}},"AmsEmUdA1pGSn5zgDHNqFCSsbCKy8RIRAIJO7ErRcmw=":{"valueMac":{"type":"Buffer","data":"xmUMffH63jg0xGHpd+n5CETil1jRXRZpjSWOzCp6Qag="}},"AswaOzJwVNT69gfQTpQOOhalK3cRMGcDzLWcseJsUoM=":{"valueMac":{"type":"Buffer","data":"uiSfGcTod0DBvz+MxJRLZqqwv1aQ0O79zpwyi6rwdGU="}},"A0zWMNeD4rA4g5l9IycjPsfLp4Q1HPhQjsTSNhiRqHk=":{"valueMac":{"type":"Buffer","data":"gpAwEsmBCBw+MZs54ztBOCCmGkbkjLH9GKQurvW/OD4="}},"A8FmR/Qq3nsJjer4oJSpBJOMIhsI6NkUKYbKN8zjiac=":{"valueMac":{"type":"Buffer","data":"h2mcpBbX6rpQPUkcoJqHRvBTdilB2Pu6oC7NLQ+zOW0="}},"A/buHmBGGM0yu9XgZClt2xk89UDNeXey6CELCP9bbfE=":{"valueMac":{"type":"Buffer","data":"E5rl1gK7rhC6j/8OmUq42Lehwye9BIjcuRtcqenY4zw="}},"BDG3j3L8a6glVG3ReaueqvfNrrsuB/v7dVGS3aL9+ts=":{"valueMac":{"type":"Buffer","data":"GLZF5rQiaUDe8PXmX9pKBi+EwIdsJgQfDP6qNYYB+4Y="}},"BLpicLBM0BRx+szGR1cka00Fo6O0ieFuz0a+i7Yy3G4=":{"valueMac":{"type":"Buffer","data":"bRe5NfzlW5BYrclDxt+HCEJpW5C2hIMS+6BqrtQbiuk="}},"BOLjM3ZKcckTtBgWHylmmKMnH0f5YnpiPEeymn2Hjd4=":{"valueMac":{"type":"Buffer","data":"vhZKWFpiKZz7GM3t8o0d7AQ7f8AjabHcQYEM2/Fn2KM="}},"BVQA8GIyO8HaPVJfXAFUQo8uBHEqG9pHkylGwZ7Ik6k=":{"valueMac":{"type":"Buffer","data":"eV2y5lc1/NZazhxaC7XNjupg+Zpw/ivOzusBYbUdN1k="}},"BhpURBZhWEcMHVrqtcUwnmqg67f+rOHKbpb9NvSwCjo=":{"valueMac":{"type":"Buffer","data":"K9Qih4eTRO2IlHNrrUC6GTkFZG1Jjsgw8Hw5jluIy6o="}},"Bh6CtdK2g45echqja24UG2bo6qNOVoiNS5h/4ovxHUI=":{"valueMac":{"type":"Buffer","data":"SG0s5IQ5160gwJRl5y4ceZAZPyvf+EAlt6H1SMbykWY="}},"BjKpMTWNgKUC/wZJbxaRNMMCVieB6RqAgTpXj1RTC2Y=":{"valueMac":{"type":"Buffer","data":"HqqVoe/zmVct5slMVe3i6Xkbs/J59Z3Uhby2hbBXn6w="}},"Byawyy3hk2Q4uchb8xH8YrH4AkbHIBKbYdiTOLxtcvQ=":{"valueMac":{"type":"Buffer","data":"hfhBksnzUu+xHVyx70ey8pbwRR5lYYoTbldc3kYi+hI="}},"B1hSlJFGJwNuPqLnv4TCcoRj1fY4tr3vq4vQ3blcC3g=":{"valueMac":{"type":"Buffer","data":"2XRLS6RC7kPNTr0r2KDIezOAMLvoKf86MSCaLAi7w6Y="}},"B8PHhW4LcEFG8gARvGaVyRiyeud5qtutz7kW5La1w6o=":{"valueMac":{"type":"Buffer","data":"ozsTR669t8ZzkE0g1M3cCz90bDZuHTRv2lq0r2Tqf1Q="}},"B92SIN0ipd6Hn2qWrWDxqPn+gO/kEmOFHKaEI2x83l8=":{"valueMac":{"type":"Buffer","data":"xMp/93/g/1e2feGGZT+PUXCvj+fgPIiwSdb8ftYGiJs="}},"CBSKe2cAuwgvhXQPXvNglDhYg8UYUoiQtmIXNT2nbbU=":{"valueMac":{"type":"Buffer","data":"Sr14L84iFZFmzGW1jpUkfbjM957V9o3bUcGwiYvM2Bc="}},"CIPFZFWxBHpeAMWOVS7s1WKU3XLSuCY718ZJktPccVI=":{"valueMac":{"type":"Buffer","data":"pTYjX0VUOEOavkOm8tryf7Qmkk8MicLtLvcrWbrENdo="}},"CL86e5f2CP6COdDkJEs9OyN+EmFvu6bwxHOh5pTCBtc=":{"valueMac":{"type":"Buffer","data":"hTkD8YUAp5Oia5rf+AUX7COYWdYp/I3+DAWS6NlUsRI="}},"CTOe3pMYvnjH/eOBGwNvKUE0U4LnkKib7oSDnSRivCo=":{"valueMac":{"type":"Buffer","data":"sHi8QfV0C2KT97sKuHhb/1W6ixKRo0w8ozqu7slI54Q="}},"CgwznnqWOU/5lKsQGTGvesIiUvhpq30cEVWJKA21NUc=":{"valueMac":{"type":"Buffer","data":"6R6LvBIJJg+C3yIvl+TzeKSZ9ahCBc4wIGvp/58UAF4="}},"CjuLNH8qia4Glc98JNNOU/LuAQFbVhZibeyahiN5ILk=":{"valueMac":{"type":"Buffer","data":"r5mOI9Otsou1rmXH/gV3tbHA1mO+otXZhV+y3ervNyg="}},"CpOYfv3lSrWkBzvOvE79jGPvniEDOCJzjcV1P/X+hmg=":{"valueMac":{"type":"Buffer","data":"PP0klyd+Xo60Lr1uN/zOcVMYEwmsdOAapBPkSf9n79E="}},"CpgJlACgLwmZrBijEi/UbHzRnHw/aB1lp202jMyK9nU=":{"valueMac":{"type":"Buffer","data":"XECL3dj/CJ9bE+ax8KHpqLC+M+d3vkfC5gW8oMDfcYA="}},"Cvb3QRfW0hVGNhPx9MZDY7uv688gBgNVj9ichYNEt+I=":{"valueMac":{"type":"Buffer","data":"zr35o5Q+AYWV6UWcrJ+P4ixQgU5dJi+DnBt++/+L3hA="}},"DCUelCI3hmqsjXrleThAs69oIfoAUjex91XA4KDlyVE=":{"valueMac":{"type":"Buffer","data":"B2ILLY38Cn0hNRewXNBZoHW4swaiVwnZ3CuFS8Pe/5g="}},"DMhPjBnLNOwWJjszUt59atW+R/Ls7r/wsEhHoxzA9rk=":{"valueMac":{"type":"Buffer","data":"VosHUTES/0fLIdVyfhVtGi4wwApxFFYq2t4au7RQ9xw="}},"DWmHF++9YwkSYtsss4hjbOw3bCyyK0hk7278FRFFYdw=":{"valueMac":{"type":"Buffer","data":"CGLAmAbLg4V1ZvdZHudK6eaKQj4XUdwcESiR8GHq2tw="}},"Dt7M24TlYv11khrEvZsdI7t//jNJUnHx88unyv+8hT8=":{"valueMac":{"type":"Buffer","data":"MSeGkPOztuu9/2OHhkWg0G8v1DbFTwgS4pM2BeJ6ztY="}},"DypNJNqdtuSYIzMZIo6bJrgH1hstykVmaYqvBTyjkSE=":{"valueMac":{"type":"Buffer","data":"TIwm7WWEQ/A0KCMOUI3AzuFbmYs9RiYyzG9Q1w5x7P4="}},"D2ONDqzSwcXVvW/3TB9W8czVNCGlm+CBrwHuAkQxq9w=":{"valueMac":{"type":"Buffer","data":"XvXNm5ozse3StLlcUB1yBQWn2vxYevjqWlwmUqzyl48="}},"D80E0E1gCTUk8zqr3PsatcXKVv+8mBQu/sy46QKZldQ=":{"valueMac":{"type":"Buffer","data":"szlzvg7wzMcw/G78nvwv85PRe+yVA0KNBMEOfTr55oM="}},"EL/1bR0d2isbi6LTxDi5JjcbnhYGhacA1De9SkRoOTM=":{"valueMac":{"type":"Buffer","data":"/A7bcFsXKvOuVT7n51cXCRvPUZAkiL9pxhk4T1rsl68="}},"ERj+Pnu0AIqha02+USDXDwXQ7gxrXYDoZ0ZjyUtbQto=":{"valueMac":{"type":"Buffer","data":"GrhjEFqv3hqj7VeE9INMFRh6lKQKP3kCqw8nFp8WVzQ="}},"EZIzeVzUQfwIbhyFgri0cfYQgw40ZjmH1rJko6WizEA=":{"valueMac":{"type":"Buffer","data":"HIMChqzVua7mDKpnRfrRWS3maZhE9st5SvojaiJiGRY="}},"EftKtNVK9WSA9+nF+bOTcGaJ2Vhz8uqfpqooCQ22Z3E=":{"valueMac":{"type":"Buffer","data":"k58pggNEzH/zIfVKIQzIch2t7YMQwu44Hoet/mxy3O4="}},"Eqx3kQdyliDHlDHnKxfoJhjN7VMctgHfK8qUNAC3Nm0=":{"valueMac":{"type":"Buffer","data":"RS/Wpy35WKZ6bakSulVeMuNf4o/s9v5hpb15VaDHlJ8="}},"ExEoc2TgYxe6KMqjrL0FRE47ytHiBpqAhkhJfVlOxAY=":{"valueMac":{"type":"Buffer","data":"6jLETnwCUV8b7AtnJcTWUq8zgdtUgXmHrt7p80rIpAg="}},"Ex1zWIZZ2hi3Ikjk39kavp46Ibwb+1418OSAcIHgnOE=":{"valueMac":{"type":"Buffer","data":"oWbHbKTROC0KT1GskFuPjalYEDjcxjk/6nBFWVyXWZk="}},"E5PvMV5g7l5KBnlrzdTzmqgcSWET02SXapejticfxng=":{"valueMac":{"type":"Buffer","data":"ANksKB6EZcjxNV9xto3sWdum5LuDFSa1jPcbEMx2/GU="}},"FA/WWUtBTTq4xh0QKcCNdWWwLccReK94y/r2f4Gii0I=":{"valueMac":{"type":"Buffer","data":"s5sZT9iTqKFP5rw7zG5s0CsAvwUae80RdlZXjHmsBF4="}},"FDBXXXfvh0yPbe2L0zNxjtEpZkRpc4+LxYm+xvV/J/I=":{"valueMac":{"type":"Buffer","data":"aq2sf4Ofs29GhbXJwKtbA+mW53xYfHB5XPys7nVBORA="}},"FI7CX+P5kd3qFhS9/7hWNlxtPbG4s5pORTzg6WHXFtE=":{"valueMac":{"type":"Buffer","data":"bdlMG968vOAfW6e4yp/hsQImZUPCtlqqKU5rcvkYM9o="}},"FOS3tHf2VzNtKw+OvX1d8adV0W/6Sc/eTuCXM+VDJ+k=":{"valueMac":{"type":"Buffer","data":"KtRuJ5pDuZ7WWmaWh/ABx63zy7GZpX8hxPTACboEI6c="}},"FidrhFlTJgq4po+jz21FqthwavvNHJi2J332AJYEtTA=":{"valueMac":{"type":"Buffer","data":"+f79u4rjtoFeiumVxxMILeQF+kyHQTDWJU9Lj+vQv1U="}},"Freyu+cHTu5PsdoSd2KgFe6USP/2MQfekfYyNDrJCrM=":{"valueMac":{"type":"Buffer","data":"NlCop+/DjOK/s+d0HChJx8nveTNxF3A639CuY5l2Y2U="}},"FvUS8PDibRF+V/ynPUfJpE3I/Glbuh5M8ac+rN6yFGo=":{"valueMac":{"type":"Buffer","data":"tAebddXPwAMJPTULik51dxfBFnYSp/B6YpobaiYU0Fs="}},"F8s1wCosSvGy5DcuZhj5Iizcv9CdYcn/rdP3HdoOdqQ=":{"valueMac":{"type":"Buffer","data":"eoYB99s1G8DXTEHl6U5NwhdJGGlP2Jx8lv3HSNp/vR8="}},"F+aiewAY02gjW1T7u5SIY9hHe7Bts98oj/KJM2nhiXA=":{"valueMac":{"type":"Buffer","data":"8PnzIW4YaCBXyjZaX1UVZYKmZKx9hP78RVOy7Qx+XeQ="}},"GQkk2ChIFuRAFZU0CisJEx6PTfpNpzUWJKm0saVqqyU=":{"valueMac":{"type":"Buffer","data":"hXoX2tF31NmfVCh25sci2Ca7DCwQCVaciJ45qPho1kc="}},"GaSoelrY9+dAQYa8iqZZmajHBqmripU/WqwuiELoy3Y=":{"valueMac":{"type":"Buffer","data":"O72n3ftgxwlERF9w2QjRkGhx8m4cXXvlNDonnerY6J4="}},"GgR9yFRrnrejeU1E7bJF2FKSeBEupwevXtURPFjYjaw=":{"valueMac":{"type":"Buffer","data":"M86GJHT9DBiS32SPWSthV3KvJJrX8EItFU7WWDk0Z8s="}},"Gh1VGIsr0C7MkiWTm6n11qDHewydVlM1Rzmtqg1Ohps=":{"valueMac":{"type":"Buffer","data":"boxX8wBcKDvtRQh2VOejDTM2vczaICRKaGaw8y2yCnM="}},"GxY/L/Dz42yOplYhDwTc6wbnMV6vWMMWjSotQiBYOyA=":{"valueMac":{"type":"Buffer","data":"xTdjUrZCWqyGBow4ZxmOv/+3eqKplnsnOmzGn7eMbIY="}},"G10yTGn3y8fm5p55m+1AQOENUcJIriufv+4bzj5wjKs=":{"valueMac":{"type":"Buffer","data":"c4APF+n2MPKYvaySRBVlcxXy/YfiMOr4VUCteSZ4yL4="}},"HLamYN0dRBdtvRCyAiMVDAyBRgsnKF4sPDgHSPRHSVw=":{"valueMac":{"type":"Buffer","data":"0ZBgMP56F2yolNBfu7+4mzoGzJAoRgVY2e2cS9kMQPg="}},"HhwRO52BI5C7JwKDbLMtx1OtlaSEYpliZMFBb3Q8/Tg=":{"valueMac":{"type":"Buffer","data":"u8XHtuIB+/vWG60gDnQPCrvmqhOJTTThyfjFILGf5zk="}},"HnRCYYzozkimdhUzCzet3tTGsuTcJ3cjsuDirWbRlFY=":{"valueMac":{"type":"Buffer","data":"QkJ3eH4zPvut129v8At4yIRQ3AssI6x4EZ8Au5yMdnc="}},"HyoYXofIDWf9tI6leLoLHbdIcpkZ3NjeEhjLKZtNflk=":{"valueMac":{"type":"Buffer","data":"yppleM5oe8nSPz1kYdX2vriagQ7iVx3Pd9R6aT3QvAo="}},"Hy84W7oPXLQDW0XsnVeA6LN2YFlKUqAlxbjHyZoLEWM=":{"valueMac":{"type":"Buffer","data":"PRh3XWaQGoz9/u16Nj3CKRdVJ9uPgNFrJ7wV+7El5LA="}},"H5REHB7ZreVSwh79inWQNlKHQE4qJYjKPb/gDqHGFfw=":{"valueMac":{"type":"Buffer","data":"bpKaZpHdO+3D3Yxdyi9lbYGmpAUi9aK+CopAfHMp2PU="}},"IAvdYPbys8RKmG7VIbwVcDorf7MEFIbHQOW1uJsWnAU=":{"valueMac":{"type":"Buffer","data":"4bYwkwxcJswVy4eRzz/WC25/mu1Mq2KxR5TG/7HmhSI="}},"IYF5ikGRtpvklismzo8eJZiegZe3YK912v+leSGNiZE=":{"valueMac":{"type":"Buffer","data":"Hcz4K/Y2XVqtXMZsNjl/KLjvoXTFSJgzcE3zdNeAY3I="}},"IhL1QjiYZgN9nR96fMIwT3rW8CSL87fYyuSd/qat1yQ=":{"valueMac":{"type":"Buffer","data":"QjqE1SJoFewHBHrT0hSVbejuG1KNmSqimmOpOCgKV6E="}},"JAWhpljIiKKc8iomzIIl62wDWwTLEYA3SS/pZ/4zR/Q=":{"valueMac":{"type":"Buffer","data":"dtV3CK4C8Re8yg38RTXT6BVNxFMSxK1o4iUm51+UpYY="}},"JCTNMvKGJPxRg2+6ikkPMH004jga5sTHCJlT+nFPN/0=":{"valueMac":{"type":"Buffer","data":"s7e13sS5sHEYVWzpwuo5CcA8e7iSTSr3JWCIrz1z278="}},"JGvjGKsmUI81XeS4+vTNKoTFYX+LnLyFm4n7nhAB1MU=":{"valueMac":{"type":"Buffer","data":"Y3HuDkZPmLtGMv1fPyh5yvep8nYeXFCjkITTVN/MzRY="}},"JPPCmjJ17fuO2PJSDFmc2AX8SCwHl4c05t3MeHwvMMM=":{"valueMac":{"type":"Buffer","data":"AoYGAmAFe/zuxjwypTPIqAQn8KmY+Fe54WoQtaVsSc8="}},"JcxVNK12LdgHD+k1YEffgtDfrfIwEcgkJ3ExIv1RNpM=":{"valueMac":{"type":"Buffer","data":"0m7q2PJXT49COyi3bVwDZ5eAK1Hs3UeGbpzfS2p1FYg="}},"Jdw4dBNQdz2yoh0fae4xTSatb3kK/0wKBOIS/9Bb+pQ=":{"valueMac":{"type":"Buffer","data":"WsD2ZEkPbUtJ/umFQi11xyJgS8rOcbyVQIx4SF3z9FI="}},"JooYZi7KYKJkq/M1qxvHzzthwW9Q7SZM6BIg5Cvr2Js=":{"valueMac":{"type":"Buffer","data":"Q+cYTFOAeCF4lXiIJC7IwqdMYjU5rgo/RsYemj9FjAU="}},"Jwjpd3WvKk3AngfuoyDgh5Y/JQZ3EMvl2fPyo2EkKnI=":{"valueMac":{"type":"Buffer","data":"Y0iv+91U8VV9rptqv2mroob2TrK8zViOZwBBJ3E66qY="}},"J0mLYysnbv22OkVx/55tvyRRdTVlf4A/12oKqWADIxI=":{"valueMac":{"type":"Buffer","data":"hiFRDZxwW4qt2aY4y2j4PAA4tG+57Gmmu+nU5PjuFpU="}},"J4fSwubSM40P++9Sw7tFi/jOYzYbnSOy4SkY3YFNNks=":{"valueMac":{"type":"Buffer","data":"7LHiiq9jocSbNdYnfQfUFcErqQoIWOTX5lIbM6GPlNI="}},"J6RJdUzsddCcK19JvauSWdC7gU97nNvN27YDuziqeUQ=":{"valueMac":{"type":"Buffer","data":"H5ay5CVSaWJ5E2sQEEfun/EZmgZRLq8vM/TYq3gtAHw="}},"J8BWBzPdHboc9AOvOhJO/bj8n87YrzDTFbTn8HRWQlo=":{"valueMac":{"type":"Buffer","data":"HHflqnUuB985shLgd3r0UUAIZnvE40zEZiF5VHLmKDg="}},"KYq1GpfnXTKojWVcXSieI2mStj5rpWGC5JPpilNkhyk=":{"valueMac":{"type":"Buffer","data":"kV1YKXQJxPLnYALyKeKaNjUkjas7e0my0a5Lx2bBEO8="}},"KahfjN7eqBQOq+Qh+0tmcnlpXzE44C/B5S//3EnPsQw=":{"valueMac":{"type":"Buffer","data":"6I2ZenV9Mn0+UC9TBxS2asGzaX5WTHm6h5VMCsLOawM="}},"KerttbriytsKFdyzZ90raqcs5Lp332xDv44etEcexP4=":{"valueMac":{"type":"Buffer","data":"JVxg8U1ftbs2yHjiXCv0vaP+IkfK68GLsqG9AgphpOI="}},"KipukJoQteJTkqFwEY0OCZJ/JNpQwVQbde0wzFWtnMs=":{"valueMac":{"type":"Buffer","data":"hIgYzMkNIUtHururlZ4Ki8AbVqVm4hcq/+w0bZvIX7k="}},"KpEcYhVf390u0fDaKy35dJD5QUdjQWN+UEVlNwtkFOw=":{"valueMac":{"type":"Buffer","data":"XoEQQ78mKD3iuDWI+CFK+28YqXOFjCFV52AAlSjOafQ="}},"KpNPHs2kovUriX+HkN5cBdLZWcOoAKi216Fhu0gLiH8=":{"valueMac":{"type":"Buffer","data":"yykkUzL6HTUpQxD8icKkfqUBRxwUCt58Y4wgv+NQ1VA="}},"KqnLMBWRhHooz2w9W4ZREgjkZt/y9+Q2wzqolHmVZ+8=":{"valueMac":{"type":"Buffer","data":"AMO6WXgo9QGuvPzAbkTGoLbfXgExdiztHX3B0PirukM="}},"K4oqQarzytdRe7PFH1/nYNce0sS5OPlyWaYSzTNNqf4=":{"valueMac":{"type":"Buffer","data":"TSkO3jGbuPS3JWNl+ciEFaj4UU331CHODB1IyxT2CP4="}},"K5Hd4CA7AyHoNOU5mprsQrj3qBLyT+izStbGI0Cfg7w=":{"valueMac":{"type":"Buffer","data":"PycXpmDJEMT/jwFaRjm3u8xbkjC6kEnmHq3KRXT0amg="}},"K6PVnNLZZ8fCE5Ro2620LtE/JM9SaNHd2zqf8x4Z38A=":{"valueMac":{"type":"Buffer","data":"OZMZ2AylhONCyFB2B56FUbc/n154iaBi/gSbcAT2glI="}},"K9sZg6NrIA3FYkqbVxrwVW6je7UmfW1BvpgleZV+DWQ=":{"valueMac":{"type":"Buffer","data":"ug/6uk0nQ1Y7r1q/EVievcMAQ+PxQ8fh1GF6DhCyHH0="}},"LGKy85mqq+7yJ8OS3eTFnuoakQwvE7YoYNz4BjKU5kk=":{"valueMac":{"type":"Buffer","data":"RTd4VjBMH0oG5Wy9sEtPHLB1uE+Vy5NWU/bo2ll3NvI="}},"LSAP1XcW27GxlW9c8EH8vauVkmQ9Dzkna1AB4OjYTSs=":{"valueMac":{"type":"Buffer","data":"b0+KaVf9n/nQ1UBetIMAyL3ePArna9+hujvGMa3H+H8="}},"Lk+9Nda4afAMdeuFatOW3Pb+8rRlbbFJsPQtRxhAvDo=":{"valueMac":{"type":"Buffer","data":"OC0+OdtHZBGON7zS7Jicq7cSNR9JxahbbCpjP/aBlK8="}},"LzMn3yDfD3P7zsZQhV/JZhHpPdDwCKDSfg2Zq/PcCE8=":{"valueMac":{"type":"Buffer","data":"O6nX5drGVxxRJEOhtVe3iL0M8Fliga6rk5n7N6tHSCg="}},"L0PvE5Oc7coHnPQqMf1SFMlYgARuTnlhtWrtNDRHS4s=":{"valueMac":{"type":"Buffer","data":"LqJRDHKfAdkTW+MO1/2rCokTTt5Bc93OD1zwmNqddTU="}},"L65rL4P53Kn64QHXWeiY2JHq2mYdtTpnAUuEgmuT43k=":{"valueMac":{"type":"Buffer","data":"iMEXa4MPavQYlA4g7bBzQCNyP8oBKUJHJLsZMo5wLfA="}},"L9x+FD+gTn+8rsg0dA95JdzVN8e6pcVWLT/d811Zbeg=":{"valueMac":{"type":"Buffer","data":"DxB4GADT8Ahpl8hYeNLGjGcwyLFI3wpEbluR4xDyt28="}},"ME9HI7YYy49pCB9BgGyGTEq2ednAj5PEvbKexB5pquA=":{"valueMac":{"type":"Buffer","data":"Cx6b8zqvsvAf9C3JldGJNuGFuxQ+MowZ7iMDBuRWQxY="}},"MHtfb/ULKNjQltlS8KvOrZJTaj9KibGjq7yK8bT8gXU=":{"valueMac":{"type":"Buffer","data":"owkTGJY0ylQz/yeyjdkOFVieFEHQPX35OPyYFEC1zRA="}},"MZHqKSg8WSWrMWhlar8r9jX5sqYLT4jdwn7KTddpABU=":{"valueMac":{"type":"Buffer","data":"QuJ7Y3leKIKF+FM9SpFBXqokuLjeN2vGjBbpD0RN1Ek="}},"MoyqwVw3baqE4nDMr/gCjMVfeczPQ+9tiYV7KnzhDNM=":{"valueMac":{"type":"Buffer","data":"TKZP7dSPt5igmxc03Jjabc8B1/yRtWk7wwexX1djeE4="}},"MsFEq10lStnIzJavtm8RL5WZV//DIwdyJr6gA3Q9tAs=":{"valueMac":{"type":"Buffer","data":"C9ntsvLLfeHePXagubK3VV6N7lZpytvxIkDq/AQJUEE="}},"Mz+/BaNTgsf3ELKTcHTqDCIdPEdWC6EiYZZtikVQVjU=":{"valueMac":{"type":"Buffer","data":"ZA28Ek6kxCE1uXjk6MqkThOLQcOFSD0l6hGW3p6zRa4="}},"M85rtq9yoCLdpzfEOk6Mm+rbBXqQY+/tt2VvYHoMkW0=":{"valueMac":{"type":"Buffer","data":"nSszSx4eWpcfmAD0PVgF15miCuatggGtS5gnoPvTJso="}},"NCosMuiOHuUcMVSA3EJW8Bnxg8tPMBsKShfGqIj7OTU=":{"valueMac":{"type":"Buffer","data":"8W+nvAI+is8IL/hmA9X/smSXqB8ZL9hRGTeDVzof4g4="}},"ND8gkXoR7XSuPzI9pnbtpt3illGq3FvL/NDoNsA9De0=":{"valueMac":{"type":"Buffer","data":"NtP1sZIiotg7h3Is4tgt0TDgYwK4uZ2kbO/SbQHxSdA="}},"NIYvqVb0Gm4g3k8skKwg0IAYWeNSnb4pr5HjYPR4P0k=":{"valueMac":{"type":"Buffer","data":"Gv1ucTjMPoJeeg0k7jBAz6q0bzxwGLBDmwUzAJA2nAw="}},"NQ1pVGMNExzJDX7GEFSncIgaOPgUlfQXgAfGnQuVtTU=":{"valueMac":{"type":"Buffer","data":"Zqf8HLV6ct0CTSF6cxIHYOvwmxqtM5st/SLT0fiW0nE="}},"NXMLs9A8mGZt/9L5vH2Zp4xmtDwbF4Yd+HdWxNyomAw=":{"valueMac":{"type":"Buffer","data":"Lm52GAJzL6S68GfECdRZFFkG3ZGmU/Id9mM37jkkNf0="}},"NaGS8Xx0wF+onEm3rBd/nEnqcZ7xFwM1gONTAUzqbvI=":{"valueMac":{"type":"Buffer","data":"V3e/YajmLn9LnboNR6TwNO6l97AgIcSvDj7kiDgi9uE="}},"NfjAMafhmoOwq7iO8Ty74g0HWLKZ1hp0LxPdDglMqu4=":{"valueMac":{"type":"Buffer","data":"268uI0xdfYCQ8dPfbXfU5ijcS6Eg0+U3jz0Y11AvmUQ="}},"NjQYUmJQvpglPeRcqay26KE6wnxcmY+LeGds31kEiVA=":{"valueMac":{"type":"Buffer","data":"Up8aun7g6nhKVRIei/4I2SfIC1FMbYBddXFKx854cnM="}},"NlVaqQV6YWwU/Z5MV6vhvAi6V9NhSfRWG9cs0NWYPww=":{"valueMac":{"type":"Buffer","data":"3PDmMfAJl5VAwdceeu62Hgj8GHd5YhywOoEyFIhPgjo="}},"Nt9HgnueuX49RhvgxDr4AwgehS+Q7FWoS1hVtcAKNWE=":{"valueMac":{"type":"Buffer","data":"K8JSTceidmsTLJS1IYn9wldWbQtYc1eazqBOfINrQAY="}},"Nuc61RVUjCyAcWO5lqn2YcuOyyGS3hyNl6b6yUxgoX4=":{"valueMac":{"type":"Buffer","data":"41fwvqxiCQcKHFgPPzR2OGDifYz7JVQjwrEkZa1qzBM="}},"Nza3LtG9RY0dUfA8CLBXmjx8KGJiukVXW+LdZpBk9Xw=":{"valueMac":{"type":"Buffer","data":"uqVytrw2scMULVfMJFlKwGEA0vwUjpqbaKNIBltCJ/w="}},"N7ejwUG4UWFDRaNd6ouMl8YuCt7klhV3+FbZXwYCLKc=":{"valueMac":{"type":"Buffer","data":"eBtm8ye/LrbQ83HD2+w0LzHR6NmPpA3G8G10Ss5okYU="}},"N89iScy6RRQgQkFLzRWKfZp4SR+nex6mrt+FyX/LTxk=":{"valueMac":{"type":"Buffer","data":"vKPa8tz2ch9C1KTNDtWD3xdbYwx6lCEGQMrBeqh//Fk="}},"OIZERJdBw/bYhzCGhddLV0JmJRCL331jQL+EtO2aQf0=":{"valueMac":{"type":"Buffer","data":"hkgWuW/JJdChrj0I2WXDKD/keQBv0HsyiSlWk/RVPj0="}},"OKWuYJ9e0ZUebrAsIVI49+x1qceWgf89YF/LHvSrLYg=":{"valueMac":{"type":"Buffer","data":"d1lsWr7vRi3iR3TdrGsCuoTTF9jhQxIkpJaA88a8Kgs="}},"OMPrrgV+dtRCVxti0ZeNgRAMEbZhnl5PsBL2L/JsguI=":{"valueMac":{"type":"Buffer","data":"so+Ups4temLE3twPLGFcFolLyzvBtV9a3L7UvR+NNW4="}},"OSw67nZxNRRjjxO+2+I6JO6TlgFdD+0y3yBCyMdlV2M=":{"valueMac":{"type":"Buffer","data":"WgnyT7xEQk5jue6eboN1MWDOLEilGtKFAdzh0OIU0nQ="}},"OTVXmojBwmRRtW/+g4ubCOPA6rACG0aqvMYynvO97No=":{"valueMac":{"type":"Buffer","data":"jPXWrKOEq/6be4uiu3EL/9l2pYng330dPssAsBI+j7I="}},"OT2XmtO9oBkoGXXr1tQ4/q0cEEyHsIiZE7IIXxnu7p8=":{"valueMac":{"type":"Buffer","data":"htULlOLmCQL3Vu2rnfpsDLhBhprmHhZOOJMiAamyRwQ="}},"OXRKtNDGabgEz5wC7MnKciXPL4eFPKmhk7MqSNufMAg=":{"valueMac":{"type":"Buffer","data":"ZUMeYq/sjDZ04M6omcn8OaFGlE6oaNoiuEuwR+1TFi8="}},"OcQm0EqEaK6BnSdScxoyQKy19pmcf35UmvjD3GX0b08=":{"valueMac":{"type":"Buffer","data":"ZlAGgBvPYx5zoS8hsrW7SeEKKmP0gAAZe+OOD7TkPts="}},"Oe0iRf7PHgAbmuPDeetZQkYBisvNrat/cIOHTkWEZ1c=":{"valueMac":{"type":"Buffer","data":"e1up9VBnJ6aDKqHzGdrzBuUBdh8lzhtdufeuZN7BDdg="}},"Oh+XL/2siOYiNjaW9hF6LJqVImiOMnUZB9GFGzqOOHk=":{"valueMac":{"type":"Buffer","data":"jNesKfy+rGX8YtgsUy7jiF6xA3gyGzI6gowis9Z4dMY="}},"OlXq+H0ZmypE4K4RIKezfXm4tIzXiiIsWR/n8VeTe+Q=":{"valueMac":{"type":"Buffer","data":"UqyHQgZWYulFLPjOQD82Yo+TUXvBSVzda39lEtNlv5k="}},"OqRc42w+VHx64OGGGWDl5RQmOQNiTLxA5/DQY4LXwK0=":{"valueMac":{"type":"Buffer","data":"2jBg+fFwZLVunarxUj5ljA3CvcTm7/+H5cRnzBXdy+0="}},"O5T83TVxTCxvi17hqAHjgBMYkJvbLtg7hpNz+Mfhx80=":{"valueMac":{"type":"Buffer","data":"wBVpvAk3q4NEy6UuXckoKeEkOv94xr3HETX2QYBk1xY="}},"O/DI3jfTw9JjkNRDuSj0tsOsLeaKOIQKgkqNTbGKUUk=":{"valueMac":{"type":"Buffer","data":"e48UvmMAsKzV7fWR12pN7r3IYtEUJuMyVF9vUHWaxUA="}},"PGlGk3R8CcoXgpOcCjDjxIqFJs/rTRTIRYgB9Pm9wOE=":{"valueMac":{"type":"Buffer","data":"qV+t7C/2yDiMnZP6bf/LwmjLbZfvy0lRRHVpJP7e9V8="}},"PIyJf2ko537I4YIW9CIGZwkVG1mAqBNN74KudTjVCA0=":{"valueMac":{"type":"Buffer","data":"QSHilSNtnalI1Tcf2ln8qOEg+iPZD3xliY5iNV8qM2g="}},"PLteNAudiqwfOkzGJTMTudyw0VLwkwrh9ZKeXe2jcwk=":{"valueMac":{"type":"Buffer","data":"iv0Yy6ymR/LjJjakfUk14g2z8dVkI69WrbPfwp1Fu5M="}},"POXxSqs4nnlP5as82f9zvU1Mb9j3v5hEANG5Zu4mwIY=":{"valueMac":{"type":"Buffer","data":"Fb6eU3lkDZAVFsAxZmIJ6b7jmcqCDFRk7TYpEr8Yv58="}},"PO7IY/h8J6v673CgZJbzEh7Y/0LjIk+t3agPQiQ4m0Y=":{"valueMac":{"type":"Buffer","data":"VH/m9T9y+SBFgoxTTb0qr09CMXRZPgqzJY+EWQsqb5w="}},"PV+UDjOEOgyps7+MRJuhvTgNeoLg2RKh8eesELZtcJw=":{"valueMac":{"type":"Buffer","data":"j8jNgP5OiATaPWCC/e29H7RyTMizfzfMI5qMMy/WvVg="}},"PeF6k77I7q9wVcKi5htKcIKFkKWGwSENgiyF+mog1Ss=":{"valueMac":{"type":"Buffer","data":"pEN0oDfvAOnwh27w7+M1v/lzu7Z+tisYHVp+SqHzbAo="}},"PmTq0tb7QLgwyqffB6gqAo9m0ZNIR0Xs0AmZw2U+8pg=":{"valueMac":{"type":"Buffer","data":"s4Le8VcEo4ks2XOc+6/aDqWtA3hqWRKVuE2vieGk/jc="}},"P1ZnECz2QEngVxHXTADK4Ctc1vjeQ6CkEPm39VEIokg=":{"valueMac":{"type":"Buffer","data":"FK4SgtH4d5Gz7YErQ5+FJ4m9/KV5fwXXAspBURCDvhA="}},"QNFYiaDKue8dpjxg231LyyFWFc15l0f79JKmmaYhHuo=":{"valueMac":{"type":"Buffer","data":"CRCb6DUlSd1MnRhY65UN55t4YmKNQuKoIyXYnEl0cbo="}},"Qi9XHkadllReB1iCZideBUrOb0IyQ0YlRvdYHaI+0Ag=":{"valueMac":{"type":"Buffer","data":"x00nzf/77Zc0ah6oOrMXrikxC+L+B/RcuxOC7HmLWB0="}},"QpZgszKaPG+X7paVDQYLBkowhWzMYv+a25NPDPzYza0=":{"valueMac":{"type":"Buffer","data":"BAjEdQSEQwfGRG4DKoXWkpqwsTGq5xUTtDjuAre3bcc="}},"QvNvxI0/yEYeCycML9mfM7Q6iqxbJcnoIXv0mGENjhs=":{"valueMac":{"type":"Buffer","data":"yglctVWvPM9yDVhM9TkhPAHAW8VVMB5SmHgraBp6k1A="}},"RDZz9SS/QIbVltk95iIwpS2nY4+t6SEJesb1+kGbXyE=":{"valueMac":{"type":"Buffer","data":"mJ8zJTLR6W5OBxRvyy+9h3BT4XA3juAadVmg3Yqvsgw="}},"RSpW2sh5pkYUpILNkZJq7Sj1Y0+6tyMzdGV4pMQ8N9Y=":{"valueMac":{"type":"Buffer","data":"aOapg+H4dJJ8I/L4KJcyiCYbn2CGFYuQCs83bKAUvpQ="}},"RbGxKDfHrheSoKsbJeZXHset9/VaS80voev6tgAjrCc=":{"valueMac":{"type":"Buffer","data":"/M0HJ0drijFG8BrAtZz0aQMU6emL1GR6p3ahVPrAhAI="}},"RjXsU4ZzdkkeqOu67F4KJ3FvG7pAjF5p0OWRawZIpgA=":{"valueMac":{"type":"Buffer","data":"/xA4z47l8uYIHt8TRGDWuyGVRqMXYqGQ5UMMY4WmJJg="}},"RuXqTJTWmD+/XQJYsBwjI57Cl0U8dePXVP/FGJixO4c=":{"valueMac":{"type":"Buffer","data":"Zxl9WM173v47YxKQZohWm1fhs9D9wL7wUDiKJY3O4rU="}},"RzxdP0g22vCTx33LiVitzVWdFqqpkeTNxCOfon3tOQk=":{"valueMac":{"type":"Buffer","data":"up9YPsTehM6v9sTggyigB8sItRx0eL09ffu8T2mPYWg="}},"STNfcOLSKbtp050+bnf26Bb4oVWH92UcUWGCLByC4rg=":{"valueMac":{"type":"Buffer","data":"OhitDoFiyj25743FZos8fPNn1qaqj7Jb3Z6cfzXRYrE="}},"SUOSt8uLHtaAPki8UzN7CM80tYve9tT3PPpFaJmcFyk=":{"valueMac":{"type":"Buffer","data":"w7Zwf3T6qeZ4o/6KF4I+UqAE5jnOSqqd6WdiLC/ydrw="}},"SW/Pb2pJ58HQMV+bnkg7CMHvC/COp5bdfoL6NDZNFvs=":{"valueMac":{"type":"Buffer","data":"krlP3pWt6MPP92UecRhWRPn2tYdzRP8KZCHuHyI6ZOc="}},"Saa5P9+/vxUbWIa80JgABjOM4it66JvbpM+eb5XZxt0=":{"valueMac":{"type":"Buffer","data":"oTGsu1qNQS37iBcYLV8IXK4AnVZOyCMylyL8qUSiMno="}},"Sm0Eeycx2OR6pH064gMFiBLoN6deo0k3k//6+W0ptLY=":{"valueMac":{"type":"Buffer","data":"Mi2ChZNCXr8Dv31bDkviNLnapULZqFR9J7cUgPyb/jI="}},"Sxea2KNmAI1yzFvr+gMag5ahrZH/MhuKrD4kLY9q/Fs=":{"valueMac":{"type":"Buffer","data":"8V3MmwHx72YhHFjqWHPs9s6CkTjudpV+BZxAAb05tTc="}},"Sy5LH6xeveAoWg+lPlj8jp8JncUCCuo5ct52X+/kxm4=":{"valueMac":{"type":"Buffer","data":"ZDFfIDHK4Gb7L8g9w+D1RV8qx9c8F29Y47o1ScLsJRc="}},"TAA3y/R3hZA5iOxOaRIbpPJKK7iUHUjqriJrPAUgqpQ=":{"valueMac":{"type":"Buffer","data":"hTnFbkAi5raBPPf4aZIDx3WyIQr2NMT8maQaKOx6psE="}},"TApVjq7SQCaEYCGwJbAMbXQwbdBU5Na2BkMhdac3QP0=":{"valueMac":{"type":"Buffer","data":"sBzfJ5N4sduq54IRKN7/TKBa7kMdCThfiKVTFXtx2B8="}},"TDgZdMfmLwUoulWGmR9QrOH2E2XG9T4fBwdG0+DSdSA=":{"valueMac":{"type":"Buffer","data":"oqXBLuQ09MtvE1cxkJT08+ZNLep32Kslzf6lgXEww18="}},"TKEn9wQx8w97eA3GuJwaH+CYZgP3XyjtUr4cZ5UVkjI=":{"valueMac":{"type":"Buffer","data":"LmJars6tbBfKcyi2+cPMpH1hgIQeWfb3thdrUOqGcYo="}},"TQ0YIip4TsygSPDlrvXN88s9tq7YVHsTqhNK/vXeV+0=":{"valueMac":{"type":"Buffer","data":"J5UW8WAi2+tEMXkdtsn/nyyIZj5ttjlRtdy9m8eNWYI="}},"TXktauaolfzTW6VccnH7xwX13AWDvEFhHQHZLqKUhRg=":{"valueMac":{"type":"Buffer","data":"diL2zHKatduSAVceIGhsu+izcMMSJNOuc12heqFcpEc="}},"TYaoMc4lSfQoWBqYOU65G5MCjth9lnkTs9VG6YshN1c=":{"valueMac":{"type":"Buffer","data":"/GYErMbI+CHF5bT3vC4oYk5yAWQVVWi+S/9Ao6VcsFM="}},"Tbk9e0+5WMLcz9Lo1bHKEdZZwFbvWCZJ86c2d70rcBA=":{"valueMac":{"type":"Buffer","data":"dZ4gzhP9P6/dhyVgq/lKqzFwwIeAKRvbopeAjGpSjpM="}},"Tk3+MvMSM5dfywZLB7QmzymodwEfiFeSPnn3nZxORdc=":{"valueMac":{"type":"Buffer","data":"TEePOsPL9iyJmEDGXilvEbyZbJFYidyZUp/o+ggcIyI="}},"Tz7IRa7coCUdM29xmCUmhoHac33pxvjp4pZC8a1BZ9Y=":{"valueMac":{"type":"Buffer","data":"iW4uy6xD9xsTf9mP5caFm7M0JnK4iVNnLtI49+J1flI="}},"T2mNjVVf+24HD013892JLLFwS6Cpkb+7jgyLHxrH3NA=":{"valueMac":{"type":"Buffer","data":"kM73M/QztCWm5xKM7ZNmE1NwWbpPpQAGMI3D8nuj8ZE="}},"T7uMoYLrWd+Sm5CPJ0+QwsothNkD2PkCDBo6vjJp4PA=":{"valueMac":{"type":"Buffer","data":"fI2vYRW4BGcl0bdImShtj4pXlPeXQikPhqWMIFcNpro="}},"T8amCnrB5iRLy9wOIVCHbaHF6Yr97bJpX6UFBaR63K4=":{"valueMac":{"type":"Buffer","data":"FuKUvdyx8wwnqd6dYOcLnJnprawleaoBtnczZeBqHdQ="}},"UH8W76e4hKElT0J8JeXusp6KNyrs8ZJiK51jah1p/6U=":{"valueMac":{"type":"Buffer","data":"GokMZNh+UhCx+Zs9RRAH2KobWIk+qJvFJlIeFfZVvy8="}},"UJeHNgBBH9hcM5EUMJ+9tj1eQSLNnbyyswQjUF3V37A=":{"valueMac":{"type":"Buffer","data":"+7x3qT0gnIDRVExNJQOEcIiFX+NWtkTirZW8hQ7gYKM="}},"UNxnRwZ2BTs5umjqk3y1uEAWFpKXKLs2K0i9/ZARC6I=":{"valueMac":{"type":"Buffer","data":"bcbK4RHELIsm9LW2hrCnKcB4MyFk5Ymxa3kb7xgKVhc="}},"UWtvBW+WjgWk+Uzca76Pnk8WgDQBSPKw5dbaMfhwJEE=":{"valueMac":{"type":"Buffer","data":"z8lmstkPQBKPyWM1xLIk0pgfKxCtV3vtXQNkMPdnMxg="}},"UXOtJzVj7wbiTJGJj8lPPjmZlCf7ENCjwDWHR3YLC4I=":{"valueMac":{"type":"Buffer","data":"drDvzi1KssBIg98AGbO172hXMtR07wT6cjbKXHqKLtc="}},"UY658YCwEUumOolzAJpiYJmhdW1OtzXb0vwUTFJtEuo=":{"valueMac":{"type":"Buffer","data":"p1lxkmb/QU3NW69pAqa9DtyVYL31UksZRhhPRqQVMQw="}},"UhLEYVVsu9H2jXFK5rm9bMZhzFF0Bg46voZbHfdtmzo=":{"valueMac":{"type":"Buffer","data":"JGE9XtV1l9rK5WPn6axyMgLvnBSDwNMSMH5oW21CWNc="}},"UnzE+nNe2bEHIMRc1n1a5TxqfMMYiS9jTFAOMh6wr38=":{"valueMac":{"type":"Buffer","data":"/sK+8S6mhARBIyjvwxPa+oKRNYZIry+r7wnOrFIEfz8="}},"Uzd5eNUp/YOsZHiuy7hryeLHKRV8NzyWHb35cSEB16s=":{"valueMac":{"type":"Buffer","data":"Ljzgs7TpKEu0SsyIWX6NGCSxgozXSu6TkH2HerPdwPI="}},"U1777scWXJo0Cq/zxHLBSoWAIqoSKJt+k885RoMQjUo=":{"valueMac":{"type":"Buffer","data":"WJ5uPf+HrubFgaLpeP7r+/+GMxGI26OviyOyD3vbJ3Y="}},"U+OwfbhlunVEI4EUfnA+CNjc7j+FnF+JrE6FjF7BLYk=":{"valueMac":{"type":"Buffer","data":"9D1uzfjawSQH7h0TOJZg5rebZS4Mv9/3nrpz34E84N4="}},"VKv5sMiDIqXZanjOJnDiY5qsi7d5uW6byVB/SeCh5R4=":{"valueMac":{"type":"Buffer","data":"3DxTfE84W/rjg4Czt5igOQLvN28sRuIeT1H+sfKcbNY="}},"VP+3BkmhRrgLI6ALAl2HqbPltUn1dO4GxcZFEbUfwK4=":{"valueMac":{"type":"Buffer","data":"6woV8YSOPxEI5jk0nhe/uqj2u59w3UwxFCv7zGNMgnI="}},"VRojhF9IBUx1Wail7IsN5g+x8/F05TI0+DNF8VO8mak=":{"valueMac":{"type":"Buffer","data":"2PHf4DkuzecJZAzBT73vh40AZEV41+zJpqABFSd/WTo="}},"VTaVd+SeJL2kmTxL3osMo0UA/1yiB9w6Zn26Jdstiqc=":{"valueMac":{"type":"Buffer","data":"BNKEB/EmO+CEfUDhYoFeYf6enNGlIqZO7ykz9TO/YJ8="}},"VVDLfXN6g2jniYUvKLprKKP3BHf+kAUcsoV8/ogK2KM=":{"valueMac":{"type":"Buffer","data":"SeabLu4L4NGLODYFolTBVMJCh3DdBMQtCFr8cDprcic="}},"VVvIYUSp+b9thEuwrI+FjNtBChoNpXl8M1rsvRyNm/k=":{"valueMac":{"type":"Buffer","data":"F3ym9/MwKRH9gby5uydgGERBpYI1QVC18zXgisXOcWk="}},"VY+3+RgWT0Pluyd28qN54kAyea8wNSkE5ohYsdUBsHE=":{"valueMac":{"type":"Buffer","data":"6w92cJEFCW3E4IGfEwTKwIswrBS/pQ4/kqrU5MSf5ic="}},"VcmIuZly6ApHh4FVRe6cpRakIUwAe/YWXjiRhXNs22A=":{"valueMac":{"type":"Buffer","data":"VLWpagiHxJA5epPnOri2Ml14MGomjR5lGL3Bfhn3G9Y="}},"VdwbUnRAn5CgzcGIeodRMMRkAARZuDayghms9v2VkmI=":{"valueMac":{"type":"Buffer","data":"fl8+jsQkSiFECbrxix2uunBJks3U7A90ntsY5VLE2as="}},"VkPsN87m6t43mmQ43DAZSZbJnuNGEK+ItqOpFnyzXKg=":{"valueMac":{"type":"Buffer","data":"lC/gkj4Zi7LZ8LgtLfH9y4Y5QXlN83dI6zJpCYcbt40="}},"V5eN1rcbOtuZHuTCCMqv62tvAvKuwK3ZGOpGoUJoSBY=":{"valueMac":{"type":"Buffer","data":"jd2+O4dFwerfR2jBKRGyBVIbpGjqJHWxFiqpOwWtiuI="}},"V8pfce6W5zIR7xis1A/+bDewskBNLYLByMtruxI8y/E=":{"valueMac":{"type":"Buffer","data":"vMHOvG9zl8WoE2sqrOjKlYviMMcQlJrWNXQb9CIn+kE="}},"V947bOwnJ3Poqg18ykBU282MbStmaLg7EBssmpBnKpg=":{"valueMac":{"type":"Buffer","data":"ecCA7NjPXlkHUJOkUCROocNMfvicJh9HloPt12I8QZQ="}},"WL0Rt3uniwlqYERv6SxZpPtv3iOiD78TKYzseR5h1aQ=":{"valueMac":{"type":"Buffer","data":"3oXW9l4wmeM3bSejO9hfN0lEDKN2In/y/lQXORcs2hw="}},"Wba8jxNDrtV7Fm5JFkHKrgOeot78zZ1gXM/95MIBeH8=":{"valueMac":{"type":"Buffer","data":"mAycMfkbX5wiJnWXYwxiaQXRHX8HdWx2SEGY9LINxug="}},"WbvS1QI5pgDvgSzw4mxCf7Y+6I/4nwA8CKGkVVIUqWo=":{"valueMac":{"type":"Buffer","data":"hXlJeYJUO23m3ljnsmrjKfNLnh45ibWh3riRZstRwcg="}},"WnXLV0ggUd4YpVVwopVs4WbeM/wyL1+bbvKtIwu61nY=":{"valueMac":{"type":"Buffer","data":"Xma1Lnnx8qr9TkkOiSP/FzIrJTGRqJd07PUtPH96Wmg="}},"Wy7LcLlfovW7eMMz8fB0vYeIiXqBwWxSHDaKIcX5V3o=":{"valueMac":{"type":"Buffer","data":"fo79ubA1mRu7Bxc/WlFOKNnX67xfv94vrsNn1TOgaww="}},"WzCcgiRR/THsX+6tgWBmmuJ7KX9bg0BPBGMLvgxp6s8=":{"valueMac":{"type":"Buffer","data":"/70oPCxk6bEsBNwJkSB+NKBNK9AnYlD/pmBgLLAehIQ="}},"W4vsgwoxSdzRgW6mZVqYeEfdA0JObnOMJfnvKulmo4g=":{"valueMac":{"type":"Buffer","data":"yC2ZHHLhavSHkJxdpaS/UaytozNEGeddiMwNrTkbCpI="}},"W/3HB6VjKFz3Vgnlp1MNS2ww+y/LmJ8AWz+MdWOlYzA=":{"valueMac":{"type":"Buffer","data":"FvR849BjrIXODDXaF1hZjyODRw8TPxdc0DynxeFT+X4="}},"XHc+rlV2ydjlVEa0GnktmhdHK45dhYCYtkMSh+Qh4sU=":{"valueMac":{"type":"Buffer","data":"NRJGCij3G+IKJSWvZrQ0ddlrS/XOE6ffSybhFaQ7WDY="}},"XKieeTxyHlkvNo1mh0FjbNrFlTrd1t+SPJg+zAEI2SY=":{"valueMac":{"type":"Buffer","data":"TgLJUBgyMwxjq2CSlH0hWL401V8lSeMXtJHWBJqzTa4="}},"XPlReDjSncxZ/lq1VQg0NWyzdNgcos8xRV/CpVRIuKM=":{"valueMac":{"type":"Buffer","data":"7a2ttkQSG+4Xra78PiIIp2eKLELQWS6ZUG9OnLDBssc="}},"XPnoq4opQr8nhduB7YmZal8/AnDXVhUBro523PFs1I4=":{"valueMac":{"type":"Buffer","data":"GfMHM6rWoaTzbN1Dgbpb4BXIiNkU6ePZNoa7viB3CuY="}},"XUVJlgDlGePIGBrnEFhZdOPz27jZC1lK0lJCkVnJ1q8=":{"valueMac":{"type":"Buffer","data":"VZ99ZNoWzjz7YHrwfD5TYNqXQoYaa9syBkdtFk4IV6E="}},"XmrGEQVS+GLOSKksbvam2760oXFJOfS844+RVqxTam8=":{"valueMac":{"type":"Buffer","data":"wj/09JtgHopocQUt81k7civSRoIo/tfZXEJlwFzjEco="}},"XovzAXMJd/vdr59fAz4bDdOxaXMBUrKs8bg0LWMazTM=":{"valueMac":{"type":"Buffer","data":"7yRRiK/sPEFhFcSt6DLnw4yqBr/X4XAkYdnEuySRKoM="}},"YQeajlFl/PaTbTxUZMEKPPZB4LG2EyxOhEUdPfQUhNM=":{"valueMac":{"type":"Buffer","data":"XUNYy790xhem9Ed1zwxg7QSkTjXM9RLpEMHVydL5g/0="}},"YexR3q1nB7dt6Mos9lELdDweR8K0mvltVWN2OMU/E20=":{"valueMac":{"type":"Buffer","data":"ud9yjp0GaYMl1sHYi51QniXAIWUKTGDQ9tf6g2/14fo="}},"YjUI8wI7e3jadkRHPiRTyW+V6CuM2j8XPqz1WtkmPHE=":{"valueMac":{"type":"Buffer","data":"g00c5sNT9Qo6Jhglh2I2MiAoBbYZPwShRWJ/rZUsZ1U="}},"YkWrqrc+5ADn/Fhy793ztFOjBwzV4hcFj47oOSPK028=":{"valueMac":{"type":"Buffer","data":"7AvOftTRJawA6p374XJYm4r+38QN3VCWnY/LkwJyMp4="}},"Ym6ob68WRTiC+qkD8t6rygL0Iqv9ThH119ZG+SRH+Gw=":{"valueMac":{"type":"Buffer","data":"8wvX/ViWwwgyuegJ5QZ0ayG6CRsg1J1N5v9I96WnLIY="}},"Yv5iou74a8+cn0moqA5kfQCMoTG5l6BienJN1eS7iLM=":{"valueMac":{"type":"Buffer","data":"MkW6ov2qkxXb6b13kPegK/jUjPfCNg1mIxSmihzIMgU="}},"YzAO/kOaBW6c2n6+ZeX+436dueqCpvrz7Mt+OiPB+aM=":{"valueMac":{"type":"Buffer","data":"sdLVqcK8a1ZUPq8/+eijZsAK66iXMPwbqR2bpel/+FI="}},"Y8ReFnxhxhvdYXNiMO1oexyJ8urzznixxcwVb5kqkKE=":{"valueMac":{"type":"Buffer","data":"YOejux1Hh3WOB5gmurp99GxOkniQwBZsuh6KP60j1nw="}},"ZKkSI51VH1a9zLNDp/khhPQEZFnp44UC713rc/dIbgM=":{"valueMac":{"type":"Buffer","data":"TbNL9IMzBqcw5NeCNN784+TCP+3aK45/oE7WXB/nI2I="}},"ZLSeHpKRcTBVPHFUdwqgwr5GM0e20Zr1xSV5CBsqWSs=":{"valueMac":{"type":"Buffer","data":"BduiOZI4+bcl0zZ73fTg7YwopfGzwUXNJwvzjkUV9x0="}},"ZT+l62To1qTfhJfz1LwweQSjTNfXEFFoQofT5wZtbKw=":{"valueMac":{"type":"Buffer","data":"uDQ8+Pvn2jc7s0UhPD/eO5BMSCqHXLeD0rxcIrW42d8="}},"ZYRQ3uetefgKZSrMpZ4zwhAHDfgArsV6Art36dfeqjA=":{"valueMac":{"type":"Buffer","data":"tEKZPqHGn70/O4+0An5DiL8mp57Q5QLXlhwgiKyE7Sk="}},"Zh7MxfnTynyYecEU8FTkv+4eNZBsA9IQ//zTjrruxfM=":{"valueMac":{"type":"Buffer","data":"mTZyaJEcW+dgm0OCjJlQjhHIOILnTJRg20E9+Ck78U8="}},"ZpAT5RXIJ3O6bLYh3CIsSsjMuL0ved2IponTlUDjnxg=":{"valueMac":{"type":"Buffer","data":"pYNnKLphEaQHTjM/xl3o2j+KYGk824lk2fapA6Pt7lI="}},"Zs7vP2hws95pV5UEPZlIcWteXaj5uV1eR1kA2/9Mh6s=":{"valueMac":{"type":"Buffer","data":"uXpXqeehrMIbCFBN0iwTSyB9Wb32SNPhh8iSZhVAitE="}},"Z1wDHDZTGYzgjkvECiwcGWjpFiHNLz/rrTendhNxmmI=":{"valueMac":{"type":"Buffer","data":"EOXjmFdhXAa3RJT3p95XB21eD0pUG8iWv6ClGxF2wU8="}},"aJ0r7Gt9UwPYWhLGMI5LuunF84mBbqnvZkBFSV7VUfY=":{"valueMac":{"type":"Buffer","data":"lLqnl0HiXSLLJd69GXlkyi29KM0sTMu6DOwVwUutP9Q="}},"aMgMpb9rTNs+wMJEK7pRmOWIyVT5ATiAXB4JGN0oXjE=":{"valueMac":{"type":"Buffer","data":"wb8acBQP7Awc1KSXIjE2pFKKmxER3tXb0oLw4D4V3PY="}},"aOk66ZeruWu0nE3yTxDQwsC40vtUK4xUnoBzLk+8gl0=":{"valueMac":{"type":"Buffer","data":"A4enSh1RElR14O7r86BZS4FiQm6/nKXZLIzqv8Id81s="}},"aPlHJtNiKN2mNlc1nikLUp1VhTIWnQEHvyo4DnTQkDM=":{"valueMac":{"type":"Buffer","data":"10Ka2cVByThCX2XUHMlZvOj782i3cdTOgCbGINq9fRs="}},"aQVGmDHHmN3CeOBFAfzFPb8y1H2rVcZHHDWHhdcOCyQ=":{"valueMac":{"type":"Buffer","data":"6o7QCLfdOTjNzlxenH54TzOjH/x6cVkL0DdDvvjypOM="}},"aQwYXSgJ74YhW98QOwOntxJF8VDvsnFg86V3d3XDW7s=":{"valueMac":{"type":"Buffer","data":"UZ8zpHRK7Voduvw72y8Q/HnGb500s07tAaen5w9ZjzY="}},"aQzW6y98shrvCeVrLuvobv82gm1AzjRtv9TK8QZrYSE=":{"valueMac":{"type":"Buffer","data":"2ZP51IxBKpH+8NiNivslMnCQOP3Wp50sk1cxiwXvxQg="}},"aVCpv+w7KLbNQ2x0n/CNLr2Ll2otEKyaGN9wdpkSyOU=":{"valueMac":{"type":"Buffer","data":"IPkAryEHjaLgGZWIe06cWnTPkUFtD4FX8W/U6lAohQI="}},"adTAJCaUIn43hacTADi1uEC4xZzXAG5+ci27EeFkgYQ=":{"valueMac":{"type":"Buffer","data":"F2w5uhezqmJixFkrTmmH6OfDm26VkeDLM+xcoRtFt1I="}},"ah4YPreK2gy4rDBJA4GuN4r5sGjXOfT3iPT6qEs85Qs=":{"valueMac":{"type":"Buffer","data":"NgZHW69jNn9M5DwmnwClKSDdMTnXwqZFS303tc7jRg8="}},"alIK0cRjAgLEeNMfmpqxtJZ+g7xW50mHOMUG2N9qbMk=":{"valueMac":{"type":"Buffer","data":"QmwGl7kpjPak9d0x6tH3y3DXCOBczqYcl9vdmK8aF9k="}},"aoUKKO8lOkpbpnpjwC5wv9XgS9RFl+QmQ+n4KX5UfqQ=":{"valueMac":{"type":"Buffer","data":"6VGpkKrkRLBUteyUUUMMjAWCg+ewcm1d53l7BQG8bmg="}},"a1P0x++ppN49L5LGE0ZcNZSR4+p4LpHtq0qv6r7Wxvw=":{"valueMac":{"type":"Buffer","data":"zxLUgtKI/3v4M5OzohP77Ql6DJF8fXAtn5nV9bg8c9I="}},"a5IJInuFhSsdJ78/truYGQzgEYljMVei/whO/XMfuWs=":{"valueMac":{"type":"Buffer","data":"PrpxAi9bYllVtN2Wd0r6a0CM9yeqyw0ysLEOeUan8xk="}},"bFzLP7JHYBW29Hbhx24ofx4+A3arKFeV1qTfHtt6Ckg=":{"valueMac":{"type":"Buffer","data":"ZipuzttORHjRbbMGjoz/emkzYUkFdQthytgXr0LJySQ="}},"bHKZ1Ct1Vhy7iJwskD+2AnHedZpkYh2+YImWK4ZY+GI=":{"valueMac":{"type":"Buffer","data":"+hgbGzZuowB1xP7Qx25mfowq1VmKueRTBCCxdbakVwc="}},"bIo8zKYZ1ZbHFi47UuD9QFOaAKfu4s/LkPeoev7iFe8=":{"valueMac":{"type":"Buffer","data":"cWJNTODX+JLqmk7HhD7Oqq1pwfQNPAv0dv5ubuy+lhM="}},"bVReG+yZI91q4zPJ9LOt9aduisM+I9g1yD86iuljw+k=":{"valueMac":{"type":"Buffer","data":"0n/ETqDkqdSXp7surq4rhOivtegnDOi7bLhnvCShxIY="}},"bat3SDQ+GVCFUjydkm5+iRD78s6mIEL2h0DF6QMvLmg=":{"valueMac":{"type":"Buffer","data":"DOQLNshVZyTOP898vhnyygOAFGrs4s9x7qGG+AozrQ8="}},"bdB5ui8JCxBr8XjbP3f1TifvgoXCW+6UEp6VBoHnARU=":{"valueMac":{"type":"Buffer","data":"/Gz0oMYfXjyDH2kwAriHry9w+G2zGof1j04Iw7JE0VM="}},"beol/qGX4e6UZBq99C0KU5oXseBlUHMrArLkCn48wg4=":{"valueMac":{"type":"Buffer","data":"PALQWASi2lo5GcMyLfPEw/bhQ0N/BlNxdR5QZ3N6hBE="}},"bl1ymYrdePieWzURvwiyM0tbb+vCfibDiHcU7Am/p7U=":{"valueMac":{"type":"Buffer","data":"R6TJDmAxYgUZvNQs2Ok8dLgyq4vbuqeGSCjZMlEsNoo="}},"bmNNU/sqt8fFobJY4mOOVVewqu3DoweOXSG/9Wuoj3Q=":{"valueMac":{"type":"Buffer","data":"36e3tXNsp91jxpxnPJIQE2YKgO/UoB4aW0Al0iBXEic="}},"bsymZago0cX2WisMGM3SoduLiWzzN2yebqta7s8y8Hw=":{"valueMac":{"type":"Buffer","data":"u9peSdbOJT3AXvkhS1vwl96u3ny4oDIqmPCiFMzYDFg="}},"bwiNnQxwWBLLlry/fhhg1m3SnLZzLs+3yj6d1VJjNOs=":{"valueMac":{"type":"Buffer","data":"DHrCP93nSnY7nVQ79AIgEzeHCa6NLYk6rA9nQxJ1VXw="}},"cAsAxu7VaNRAHQtxxkZKiyeMN0kAEiB5g6qkDDYVZiw=":{"valueMac":{"type":"Buffer","data":"6nTYIKUE8RpfenyKlVGpqoNbKWSREsofj8f3FOOM+mk="}},"cIOMVA2Mfbjm8Jz98nH9StCg/rdhpCX+e6z/Wr3fdEw=":{"valueMac":{"type":"Buffer","data":"3TaQwwm20926O5YcFcHC1iTF8mYO4XxTYrHr4ssVpP8="}},"cJ9LgMyQvkphQpjH53muwk4ikgbpHLH2Cp7T7QLtByI=":{"valueMac":{"type":"Buffer","data":"WTFpqoOIKXq760C6VWIkxuRSA1XBDxBu/tz1+HGXe1Q="}},"cMhmwSQ0lTl7T8x7lOBH70fWkVB4O5DTCM2wDixrOaQ=":{"valueMac":{"type":"Buffer","data":"g4SRIoWWEJEWT4zzUeYRFB98FcKzEB8kqPWc6Zv+1NU="}},"cViddCiXlsGNIXXl6n14Gzhk9hgDhI7semwAlnqcdxw=":{"valueMac":{"type":"Buffer","data":"AooDcflnix2g9/gK/18a5D1nYdobP9aOdy5Xx4K0aZA="}},"crRXwqAsjiHX0zCHAfU2eoX8m+q/5Wp++6fLSWH23aY=":{"valueMac":{"type":"Buffer","data":"6M5Ne/IneorLKmCqhLheuMrf+mapJ3yRiFihfw7i2Ak="}},"csUH2jd/ssIF1JlCbVDiMIADQIrBH9B57Te2HU1VkQU=":{"valueMac":{"type":"Buffer","data":"Et6Cqd4oIOiJK2LXjqPHxVJW57s6lFFC8BR4Hq9qbX4="}},"cwJCMCzv3mgRWEsrbFO5hbsoprlbfcMxABNdJi/oJkc=":{"valueMac":{"type":"Buffer","data":"q6vOoAPB6pUl4BY3FW7kaBxaYn6hBhKOW0K8kzQJPX8="}},"c49QCXXkK/AcyoyFNOcwugyftW7Vj+AJQ5mfQVGM5A8=":{"valueMac":{"type":"Buffer","data":"jGfzfTU+bslDSeR61ocOvSwnMo/OvbYo0WXuZqMCDFo="}},"c534KgaNZgJAPJcXjZF/dJCW2BRChCPOZjzVOmFVjpc=":{"valueMac":{"type":"Buffer","data":"/inbTLxCQ0XIp0naTkLh4vFFPWA49d71IP5jnSPNBDU="}},"dDsgN4K7ZeK9sIsKI0ikgnE/BuzUkhjnbQk1awsX5/M=":{"valueMac":{"type":"Buffer","data":"WTCGfQu/rvvRvt75+SQXq3RJB6tk95hQ3bkjmX2WRsk="}},"dJLM9J8ogdzTffzP14Y4yKdwvORu6k6FfFsf9gXC4Gs=":{"valueMac":{"type":"Buffer","data":"XKMtdkDe3Efc2GWQh4oFZFgJK9Hb5CqtIEhNumDnXAo="}},"dK3PTt9NNMs64VGGzKXDJ02Jesj99Hg7gA070adIebY=":{"valueMac":{"type":"Buffer","data":"URwRRqhp+t/mIUOU10+hbvK6woZv6CKZ93pObmZ71NE="}},"dQcZkae9i0O7ZMYfmrolaR5anq3eiuHTXmTLlbWNuu0=":{"valueMac":{"type":"Buffer","data":"HrcWNhNGnxeclThPgvUhRZL8Hkmd/31vLWtpF6ABwrM="}},"dRe5zCcFLn9bjmnNXV1y9ld7mMa4RmRHxxphwA4Z20o=":{"valueMac":{"type":"Buffer","data":"VdQP8oSA3HmJ8T9TWADhjuXNfaeUaW3wMPOuxLQxNpc="}},"dTEo5peX0fMBQmPBUmSXUjnXfbLPaPVAS+PgfBMarr0=":{"valueMac":{"type":"Buffer","data":"jW1jFHlE8b36MJwWeCJXKqBpokqTh1vUmhte1Axcn1o="}},"dWZRKimurQwUB5Vup+xpZMljIRyGZrt9b8BWS8a8LA8=":{"valueMac":{"type":"Buffer","data":"97lwxUvZl9VaO+VSYwuZzsMxJ1tGQ63wFp50UCGrYDA="}},"dbenK+7DLFsQnFmgHSgEW8zz8YpgrAOSyLQQLp4B74s=":{"valueMac":{"type":"Buffer","data":"JJ4j8oFwwZc4Csi7spzOm39F1rWhbF54aIcdB3PFPDk="}},"dgIiEt6l4iKqm3HNNKof81o2IihfTQrsCdcekDAWxJM=":{"valueMac":{"type":"Buffer","data":"pO5NOSb3oa47g5daJEQr3/xulBbo6B4BRYl4t2tZB3w="}},"dmxfAI/irrC0jeyDxGUyudm/GJgxS82JFyRgGGPuWNo=":{"valueMac":{"type":"Buffer","data":"30C7TPBX1Qv4+K+DA+IH1YrtMk6pOzKHjrDF+w39gQU="}},"d3N0HTA8fzmfSf0/z4ptkLZptRt0stATin+lDvhFwnY=":{"valueMac":{"type":"Buffer","data":"p2M8F3EU6SWJrIITnAmXtGY7QgjTvN3DpYaS0JJkxN8="}},"eBwsWnbtTdM50NhceiT67oij6PM3so9F9HiiXzs4khM=":{"valueMac":{"type":"Buffer","data":"TEATs+vzzMtOU1klw/4VdEVZxQerxlcY9qtqWQMg0kg="}},"eC94ZSEG1c+VFBfxOYrJWBuS6nNK5YvNhM0vfxUyhZA=":{"valueMac":{"type":"Buffer","data":"ZrBWjDdiBt+ZprT9ySDnX2/p/uDrg/s2oYaHau0smo4="}},"eSG6y9eBQllGWYvPHh0CqEhRfrp13iWKdhTvkj/h1cc=":{"valueMac":{"type":"Buffer","data":"N91lBu9x0bYWJTwzvmRmWqye2MTV5XvQzyK7VSeRbQU="}},"eS9d6TPqT+24qylkThepcA+1HR6V2aSIe89kvLmFlB0=":{"valueMac":{"type":"Buffer","data":"baBUI5Zur4rtFt/Dd9LTOuA7V6Vlx+wj5zNY1EWTp3s="}},"eUPPjTSgqH/E1ecANS3Wwsh7ZlK3QZw+oRMo6NNNlfA=":{"valueMac":{"type":"Buffer","data":"Uy3MDC5Y2AGuBeR8eZexyFMcm6TXXZMqnol5T77GYzY="}},"ehB25Lc5dB+uMmAtHpHIvtElWs6yOPBnz4d4SKZfpIU=":{"valueMac":{"type":"Buffer","data":"bVFyec/FfHK/mbVqUMVXtwZv5V2m5tckN0JyooWSSA0="}},"e7eMenkc/zqAcvwNfSOtffmqlkguVCvT3niDkaP0aZ0=":{"valueMac":{"type":"Buffer","data":"r28vo4cM6OcUGb1MP/YwCHAYrtnzCKOdRCTZzTBKXrE="}},"fAqtsOFQNALcuPyoF6bAWA3yNtzVj9+if8LZxTbE63c=":{"valueMac":{"type":"Buffer","data":"syTjj2cUTDFirdsGUYypIT1+HdPrziesowam2UopHD4="}},"fRzuE7abWyOug1MO7V6f8dnpzbeif3g6njMly/I8eY8=":{"valueMac":{"type":"Buffer","data":"qxsTxf2GWAQAIWJ6nvr48nrDJslsvwaGNznfC3C93fs="}},"fVXeHaUanXsKRpBW9oYW9v9Mh8tjeR8RpvpYpAxAs/0=":{"valueMac":{"type":"Buffer","data":"6w10XMXHvSBjKamtdxldTCyAxgBP/3MMrB1qRd5FyAo="}},"fYhzcJd3w3kY3ysOTRE3OcujVFKdGZzfe+qN2/HwLsw=":{"valueMac":{"type":"Buffer","data":"iwXuNv7eNieQdDcHylPHLnFE1CErlWt4gbu5djo8fJg="}},"fbDVovfzk5TD+LwmTP19cyMPwe65mTdAn3iOe/0uQ6E=":{"valueMac":{"type":"Buffer","data":"pVQRixyPut97OpqXcyTNLqdl1gW+akw0BesxK49ns1w="}},"ff9VDprdUEL/otAuY4aTgUvvlNDyhSDml2AbfQ4ybyo=":{"valueMac":{"type":"Buffer","data":"X2B49zk1lNn53oeW60T9x8BnO/KwmLEMaKPQfdvYbnI="}},"filGUz9OSGnPKLXyMNfMnD9Lo5y8biDDPAALxvzlk7M=":{"valueMac":{"type":"Buffer","data":"UP9NycfJTYDKDkZz6q9lva4UMJ7EY/PegPhMqadIL/I="}},"fmIdOOB3+z5jUOzDYXdW1s6Pviz0ZrcXNfqQTn+0tvA=":{"valueMac":{"type":"Buffer","data":"szJuWFUcYKIOnRkGeMBAOfyibd7+Zn8JUyM4KpS9De4="}},"fndBqnjcy25hOYJ+2nJ/kMhXh24zWzVkGrTYMAdh/Zo=":{"valueMac":{"type":"Buffer","data":"MA6gzM3wv77D6bo20K4RZXJuhTlTT42cBDsLVwIPNpo="}},"foeoC3ToT+tjjfY1iIR2Gt814vXLgE4osWjjyxDoitw=":{"valueMac":{"type":"Buffer","data":"GMyeVXJdKJfcFBc0C5VItN0PTIu3XGzajSp7iiNuTwQ="}},"fqDcFcUlVWVmpe8fwZOI47kaY/u2UHmsfoXh3UuGTww=":{"valueMac":{"type":"Buffer","data":"80FJsFZe40q8zvoAa5m/J/GjIqI0OyBk7YCCFztwy+c="}},"f620TN4bKhPi9X+ML5xgKk1XsLlJteo3yqAtAvNbUE0=":{"valueMac":{"type":"Buffer","data":"+uT92ouZ4HO8KNhb5PdjLopuC6FFUgyP/7DOZoBQ09I="}},"f8LHX0LmngxDXQpDkfCklcqG/jPFrT0ksRDpDAPulp4=":{"valueMac":{"type":"Buffer","data":"Zvwwoq2sCABReuUYj7dJuD91ygVaJDsjmB2LNbXO/uA="}},"f+XR4JWCj5vFqiZFT3nB+GBr7M8J7Hpc7cVRBnQqsOs=":{"valueMac":{"type":"Buffer","data":"xTzm4vrQboU8DNtEr6mzO3G33RKl5aNG6SmUTLO6XFA="}},"gLH7DfIF6IgqlYUW7q7sp/ruMpXPhkHZ37sro3NHDiM=":{"valueMac":{"type":"Buffer","data":"BQfvuZ2WQ6/6NcM8BnFQGORjEKkSST1+0Oq4WlcMO7U="}},"gS8OXCL4v2vmQDwalcSvj5VyeiRaeerxK9iwhVVaH/w=":{"valueMac":{"type":"Buffer","data":"Wdz5rZQv4gVx4QlJtDTlQHXFcZrbqDysnzkYtw0PfY0="}},"gUZIRF3EMyInRKV6qBdgllu90+0Og47zUalXYOAAMfA=":{"valueMac":{"type":"Buffer","data":"+N6MWTy6vOG+3AVBna+Z6YwzHnlf9rFNhRbB2KGbJuk="}},"gZPcnk32Tr1RIDSukYVVmdPMBs4z821xzPLOdf6F778=":{"valueMac":{"type":"Buffer","data":"H/gyUoLi5CIX6jgPWzJeMZaiB+TelY+ND80RgPqeFq8="}},"gilgMc366duybfNorVExr/g0abC+drG4mh8DGzLo3cc=":{"valueMac":{"type":"Buffer","data":"tLzIV2I71EYhDAbpNCuH4ua5r8BfLUBZA3gvUzEUGpM="}},"glO4mBl1FfkSTIi4LmgTJvYO0Uc2s3Oh+Zao51ifoDE=":{"valueMac":{"type":"Buffer","data":"95sRW9GkvlTSU+JYk3gc+pezDx2kCVN8He3Y2aKdkcM="}},"gnVGm8yR4h0c8z6lDVp+/379ivFAQqXJhNRYGTZJtzs=":{"valueMac":{"type":"Buffer","data":"k41qM2NFIc51AGdST89XTPYDKTk+gPDgq8e22ujrF7Q="}},"gpKS1xDhO3rupTiiiA2NVuvPNlsQ2/Xeqk7179c9tIc=":{"valueMac":{"type":"Buffer","data":"uskbTpH+kgO9OIQ4Ss0MIVycH2Hwbr1MiTxRHrwLZ3Q="}},"hCHfDf5j3UhMMTX2wC5YgPDMD4uUDHwTgfmz7MHOUhw=":{"valueMac":{"type":"Buffer","data":"MZUpmmzsEBmEJwbv7vFoHPVjGf9QjUGzTOL0/ceTIIY="}},"hKu6vFj9lfAneY0zeSB18KT3jBic/ITxw1TjcTl9VcA=":{"valueMac":{"type":"Buffer","data":"gIuRUYOEnTmNIV48pSbotz5p/0rw5F9LeyNmSlmP92c="}},"hUbvubRLijyLs3wTcyFBMFU2caNRiDhsaFdahCzYhZg=":{"valueMac":{"type":"Buffer","data":"XnZqLYqLpd5yc8IRDkibsAyG3TYhQ4uQEgpYst8mJjo="}},"hXmzkZefk9vT7B1zc0jOjBJMiDgcIkAs+yQ4y6wBfAU=":{"valueMac":{"type":"Buffer","data":"2dGAt0ETl7rLn7cN9UBI7e8CF1PRu+UzP6SdGdsgJ7c="}},"heq1LVS8RQikIa8hPMhdhnsViin52Cbfl3OF9Ow4jW4=":{"valueMac":{"type":"Buffer","data":"LGRminyWVdUG3+URuIjjfULokDfP7i06flqqyD0y1XU="}},"hf0KBEkLSf5qIq+YfNE1kS4qBftE05vvbMPJwJkkafA=":{"valueMac":{"type":"Buffer","data":"UZLr9ZHH9tmTqnnT4r6i8/t8nu+xSMQeDcjTnCQ0La8="}},"hhwMnJ3YFTonhkJ4TEPT0rk6bgPBLUNa56FJfO9jl50=":{"valueMac":{"type":"Buffer","data":"j7dgTZ2NloqRKFsFCVyYI0Z1puYX6vxGuPthgW2S51o="}},"hkvkPKdJuIdFLKZ1uf3eanQfLA6bnQGotEbwR+BZX0A=":{"valueMac":{"type":"Buffer","data":"/Qv0j3claShTEiOmRB9sUZxWSvOoGTXgtIK2yxeDKAw="}},"hpOEeNDfi6f+xNr2QjeliM7pmyNbkk1niI0qnk3toPs=":{"valueMac":{"type":"Buffer","data":"XK8VJFxiTwdmOoFAkLALPZ7aH7bsvIwfP5C/20R+Cuc="}},"hrnaRkaZlUz4nVtBWjUaBl5L4zQaDBHHIjyFYS79kRQ=":{"valueMac":{"type":"Buffer","data":"7Mg2zTPNsSar2+AUKNeJ8UJbrtVGWO1zQxQyp3lDPNw="}},"hsu3kx6CuaVKZGON1mEQ8h7gOPwWX21fOuWT7HcHvxM=":{"valueMac":{"type":"Buffer","data":"E2v8ZdyIaX9r9UkWDrET0iA/LnA1Skw7bgP4IqNz5f8="}},"hyiKJDg0nlqYIH4X6KL+bn/sl/klgxFDDt8clOo9IcM=":{"valueMac":{"type":"Buffer","data":"lhGIeN14xI3YDaAHgek4bjzGvehH36R4GyLa/mG+xsM="}},"h69YQlTpP0plfDCaPW1UvSsVytrl8WuAQqJ/FDlGVVo=":{"valueMac":{"type":"Buffer","data":"u1zxgOabhlC6wIt/rqqOwqaMfhyVvojR3xg0/UZ3+5I="}},"iFOLvQfVVLya7UQbVa9h5w5x7evSS335ROFLkK3HOxw=":{"valueMac":{"type":"Buffer","data":"x10DJ0I3cLVxACBw/k63B8cazs1xFBRfuFrQPfnyq+Q="}},"iGwDEJZgiRr77kQ0Iid/zuQjgLsVlK/60edT3dkB+cs=":{"valueMac":{"type":"Buffer","data":"e15+tvuKaCiJeoGSBQsaYk8DYNx2RYlLHmG8anTRuAc="}},"iMX5jZgR8z8E/Xyo7+9fqnuJNcZSTNZtdbVUm5yJ9gg=":{"valueMac":{"type":"Buffer","data":"e20aZN76twoIUTv9AEKYIzVqxmPqJWIsoVscZ+VY4oI="}},"iUVlm7FieyEYbUJNBQchbx9llwdjrBYSti6tFWi91w0=":{"valueMac":{"type":"Buffer","data":"JsBHiCRq2uPsp6ePk+Aag3Bvw3vPPKR6yU6B9mXF6Is="}},"ihYo8/T8KOVQEFPHnBqZn+DamJvLPgTp2PgjExK5C1s=":{"valueMac":{"type":"Buffer","data":"N3a0INApzZ3p6WOA37Ps1ACMqvXExc3MS5kVFjLljjY="}},"ilEpx4cdBsvQZwzGhZ4InPiplU3Y+ahFMyx6BVad2Vw=":{"valueMac":{"type":"Buffer","data":"+DSwjiUGsllVCXbXlwkarbR1UIFd/0LHjU/eWofrZEk="}},"imBkAgRCF3imXaUgG740aIUVmOllwhoWb4nnl0OuxWA=":{"valueMac":{"type":"Buffer","data":"s/tlj6uLxuj2zbFXJVn8eCyO583Xsw7P5EAfySzKGfc="}},"iuRyj9M6oitcpLjwdiogBcnMPh1rj063jLSdmZD6ZNY=":{"valueMac":{"type":"Buffer","data":"HkvF1Exq7Z0d/MxfFBU9HiT69RZIv/DuZGwdJyg/Tmk="}},"i5J9VqWilYl7ybahXNVFGP0+3Jo/WtoEZMdfYwhZX9c=":{"valueMac":{"type":"Buffer","data":"ASuGhoXrdQ6P2l8dOhAPR6CvlWx2j99BoHXasDunbOU="}},"i6kSo0lLWDxhhqw6nPZcFSEkNJ9ueqKgfxfaLWlqFSU=":{"valueMac":{"type":"Buffer","data":"PX2CoSifAtS0h9aA2zNK41n177JgGgVcCE8chcrEa0Y="}},"jI4J07d/ABGibYCfRFBuz3oG92n5pjPhGi67y5Bl89s=":{"valueMac":{"type":"Buffer","data":"CGbv7HDZfMkBQtCy2n/N8ZAHcGoBIyxhPeQkKOq2Sb0="}},"jKog3OF0dvxwFM0Fv1++Lal23NWciHcXpDr7OewBxJY=":{"valueMac":{"type":"Buffer","data":"ZCQXYnGfwXA51Hrv1SVMfeRBsqMRXVarpZyQyte0eQ0="}},"jSZQcZvXloTQGUnWTXXl+k3FxCvuIyGVukiwGrTk8rE=":{"valueMac":{"type":"Buffer","data":"MEZNtEPyWMa3JJvaUZ0L7I4dIj/CBZm3iW+TaDE04r8="}},"jZFFSk/5vpe8TO9Cz0C7c1JwlhabP6Bv1sejhTZtnvg=":{"valueMac":{"type":"Buffer","data":"m7bkvr96JVyptfDUJatbYA/tz1yDCkUrahwz7ishgqE="}},"jbnucvnMyQUIdgRcoHv+gRYZG1mX0CSHPWNtdCaPTx0=":{"valueMac":{"type":"Buffer","data":"iG5k0UziTdraQwwPt/WCl5WLRUfupr+fbsIsUix3lRw="}},"jwoyzGGnGrutOpbURbjfBpM88g5EUhLubQUIquBUP5c=":{"valueMac":{"type":"Buffer","data":"gsGPp5QfAoi29S+SmXAlbvAWZkLz6XQo4LOk99litlw="}},"jzSfhRHnLERr3Hkg+I0sc4Kh3ykXD3w8Ge5ryAmqLeg=":{"valueMac":{"type":"Buffer","data":"k648cy1IoBySpFkX7YvUjLVRM1bObax1chZfzn5OsFU="}},"kTuEzoT+CzQYOmjxMNo9FAqe7Yc71wPq9nQOXEIp3HM=":{"valueMac":{"type":"Buffer","data":"D2L5NQ7Id9mCgn3i5AftaSPKSNCVvgEIT8N4YPif8GE="}},"kVESG6/zMMQcfw8h/ZQSkGHoSeKXJ89HJyr8sG0iaFY=":{"valueMac":{"type":"Buffer","data":"FHOzzl5ILTl8qEruZLwetyU93EW+rIFNkMAN54Yz6+4="}},"kZB25r5/bNLUDFX0tPkjMqwyJZpv1Z11CrSmjKfJZpI=":{"valueMac":{"type":"Buffer","data":"6NZ1GQqjkb0y7JpRws7gbbK9xuuropvduxRdbKJWldU="}},"kvFciDPN8DDvBxdDy3FQ9nHA/YF2ecBtDveP53txppw=":{"valueMac":{"type":"Buffer","data":"u3o1cxnNiubOrUVlQ22RWw4vN48W2CBHfR+Q4t7xTJc="}},"kymRbfwUmpSwPO6CCMTD52PlktGLGLoLouJJTUNv0l4=":{"valueMac":{"type":"Buffer","data":"FL9M3eerbvTyebAMaBritW9G5OUO4uPpz7jRJ6rLCgY="}},"kz/pesfG6VqhnM8oxvb1czxDhlVzgMjfxoHC1/w5F9g=":{"valueMac":{"type":"Buffer","data":"23gPgMYuillLGwBYOaLHX5tUrVuPedCxseEG1gnl08c="}},"k02d82DUl+dl29XQymRa3hF8MAKR3aXllPvaHq+2vUg=":{"valueMac":{"type":"Buffer","data":"rVWij4NsO3REljUsQfAcDe4IGSStfNGAvvGgPT6RZc4="}},"k3T93IxaL6aYXGExntIkMS6BtjeQ6yFuS13QAEyorfQ=":{"valueMac":{"type":"Buffer","data":"seETlcsViSxnYExyQwetq2faQj9lBB9z8x51chP5gEM="}},"k5WUtVOZx/dcE4N22LJZ7GH0GPxWlCbxzIgX7LYsXZ8=":{"valueMac":{"type":"Buffer","data":"3w2VDchYffMmfmdxFEuAHp2MLmurO1Gz/VWoOT70Etc="}},"k6zwHhRpNjH0G3wfOsRPSwgdO87UitqN7SkTBbLCvCs=":{"valueMac":{"type":"Buffer","data":"amQNZyEprMUid5P7wTkI+QA01BzCB1WR16qTdlfswuE="}},"lUESNSXfjo0+IGehjfCQMhvN14wc8LM4l2Hz5JG6UsE=":{"valueMac":{"type":"Buffer","data":"IvxCzKMWx+7FlQQ/2bjxVa/a1YQaS1IPM45UTdyjtJI="}},"lWVQOs/nbkd3qlxFoRE/PidwLj3QsJvU9EBtSTPfTLQ=":{"valueMac":{"type":"Buffer","data":"9Jd4lfQMhMKJ+CW9fxOdRvZIfcfxlht9efhcdItTlwc="}},"lXmRgeMpD615RD9B5a7Y9jaDyCyfExF6kN72LdeJFdI=":{"valueMac":{"type":"Buffer","data":"ZdLZRA+XUaKHRRgacGp2HPPY/2arSOFHs8m+AOOJNcI="}},"laYzZdwPrJkZcjrwIH5vKiau7sMBbfdAHTP4/1Uv9RM=":{"valueMac":{"type":"Buffer","data":"ZmXOi7m2qADpR77XBY1QWgaWIoNMeeGbh3kEcTrhye0="}},"l2sOL3exWqaQH3PvS7+CN/1z35C76AQXgp2gFR4c5iE=":{"valueMac":{"type":"Buffer","data":"T7V3j5kJP8V6Akh37R6qlLwSntewxo3CvlvZ9lU/e9g="}},"l6O3nHYkhsSxBIENrXil32VxQg//YeCQgyksFj2Z/VE=":{"valueMac":{"type":"Buffer","data":"vBpWMbQDRzJavCaIaFQ2ECqlP5RozdsXnxw2emv3T/8="}},"mADr/u5nmmiv4exk2bTnmHkTGdaiiXXPQbdeZUyAUXE=":{"valueMac":{"type":"Buffer","data":"xCP33FwkFJM0ZQLeCiqmYC0qDteHdvBZaiSbrJyEECM="}},"mTsbg1SsV2LSOlqTekRQyWSTZYywYwNVv1gV+EAc5ok=":{"valueMac":{"type":"Buffer","data":"c7b0ISvMgOw2V/7Eg2wH9WQ2M1aldriJAhQlN0O61AI="}},"mdduRo/dygCzum1yn+UIyxbvUeq6PDCajIXqZWUYehM=":{"valueMac":{"type":"Buffer","data":"Pef66dZ+MCfr5Ws+d0E3U5muPQA/r1XlPj/ayrImT9c="}},"mgqptslERI/VVJfxbxA8vwDuiRS/sPoA7SUnC67M01c=":{"valueMac":{"type":"Buffer","data":"orhnGjOaGzA3weBsgqlQmcvSyPw9r5SkiYN/53lAqRk="}},"mjQGu6Mblb3gDprG/r5c3eLDJsubqgMQzROTTSHLLv4=":{"valueMac":{"type":"Buffer","data":"cmUKpeSzEay9pp+XM+QLMGq7D1KMGRLJDPM5CtWtOTo="}},"moT33Eh41ddPOVkxndzwYUKg4MCUoqVkPU8lDAk2Ruo=":{"valueMac":{"type":"Buffer","data":"PAOXyn6fpwQIVrhghYzXSyU1c2V6s/7yNjXJJk913tM="}},"ms7X7XknUknt5xEGvnZUEKdEspFhvQ+Nq2yYN/QFc9o=":{"valueMac":{"type":"Buffer","data":"PP+PDMu1Q9laK6NP0tnaIt5s2L6STVA8cFuUyAK/Hqg="}},"muFaHRwRMfqoNnhnUwXjhIit3h0Aej6L+o4oylFZKVE=":{"valueMac":{"type":"Buffer","data":"aJwH9AN1gp895pNyX1FwSqepynUXn1+YMKQWzrWO510="}},"mwNwBhQAZyEPvocXmMEepQ4nhziijFxNx+gQX+BvGi4=":{"valueMac":{"type":"Buffer","data":"riJ6iggNKd23EkK/no9ec106+HhGJtbwGw69gy8xXi4="}},"mwT353UFe4ugrxyDU/4dkNf3Pekau3+NP3vD0gS4lAU=":{"valueMac":{"type":"Buffer","data":"pCs/4HM7IFPSCYlUiAx66PL6qOWfjaLCBigaPXFFJUU="}},"mxyTdXUzxbiXxa5iV5eaHYwrQme+qaeaxfuLC7Rj4uA=":{"valueMac":{"type":"Buffer","data":"soSBgT751VaeP09UghdhoN3OE+ifoGjiPEqg0ZMEDzo="}},"m1PQ2bsFpMKz0MOJqKVVXX/fc3ZKz4fnC9n19a2FmOs=":{"valueMac":{"type":"Buffer","data":"9WjZGbLfA1/VzwP+uL6nhTmTf3EeRvjIuDv9LKN5xok="}},"m1dmCC5Be+DXPTn0EC7kClKDFCoBZN4MwaeADCJBJO4=":{"valueMac":{"type":"Buffer","data":"qDLIImByGSEgxcK4Fxy98OYV+jwK97ypTTa7VwxB7zE="}},"m2DuAh9yhQ6xNYEF2uFLptFsSnNOeJyjOVn0OafCDSg=":{"valueMac":{"type":"Buffer","data":"Mg9mqpvTXOH1ofUwU4GhdrKRilg8wCIj4hF3MnY7A98="}},"m4lL8X3uqD+9hRjRT646HILd3C4jMt+GANqJxpTedzg=":{"valueMac":{"type":"Buffer","data":"sTWFjLFl7Q3QNNC8tPgIWEKIltcNGKN9DtlQDv9vUNM="}},"m8/8u/xswJV2C4F9as0LpbUqTf0MYz35LRVYh5aMPp0=":{"valueMac":{"type":"Buffer","data":"vYgNrCVxZGhsdyA+XRqIzNK9lUo1NCjb26W9o9EoCnA="}},"nFojXENSFqXIHzdRxerE0aE+2MD9I9T8BiJlLCVx6Ik=":{"valueMac":{"type":"Buffer","data":"FFyhmFgrcSdnhY0TzdDteA1faZ3o5Yl8x1/Z/KcaG3o="}},"nIxJ3WmusE78lZ7J8iGqEJofPxC8FXQwB5E/BG2IS/I=":{"valueMac":{"type":"Buffer","data":"cWTdJKw6oHCWC0Uf7rji+8fpe1847zLkS4+Orw1EN2c="}},"nSrMwx9L0TZ5FF//oK/ERwAYqMuXFKHXz9PvIy/3ogI=":{"valueMac":{"type":"Buffer","data":"QocTENFFd4FzHeo6J3eP5vEOGeuuWfUnDGxSzGlMSlg="}},"ni0oTkC5Q81PrSniHLUZ/BSvG5AhZR1Nhz/s1cCWiDU=":{"valueMac":{"type":"Buffer","data":"XpRsuuqECry6B5rBaY38/IAb7HtfKe1NICSJokp/nrg="}},"nprWQY1zC8mBpJrcJK39g+p4OP3fBLViT+hnchJXOts=":{"valueMac":{"type":"Buffer","data":"s/mU/zQQgGnoQwS07O90C3tz6AIClrQ7//xcqoscCQo="}},"nsJb5F3pJQg7qwArgr8jGxmqVZfMdhirLfQ9cjAvtQU=":{"valueMac":{"type":"Buffer","data":"MbgrunSIYExmTsCX0f6N36U7Vo28rEpf9EHo3OutZXo="}},"nt1xm3IJ1mEvN2V3SF6AI4e2xNAIxmdkb2fgLcbCD3Y=":{"valueMac":{"type":"Buffer","data":"puKUdKOXPS8t85qZfMyD5heh6FgzyqSDQc++jVQE0go="}},"n711nVcqZ6KG7tAlSqQk7tDefXoUUMDUqLuz9Y0fL94=":{"valueMac":{"type":"Buffer","data":"TQm09NCP13a/d2vJpHrRlkE8LJN72QQkoMdaBWRLd4s="}},"oHEdCEz3ErhLyBe96U2+j1O47zIlC7DxNMigvOd+v2Y=":{"valueMac":{"type":"Buffer","data":"/D9iaVfcbngg0P0sHvji2jMDmTGNor4uDOKqLxs8j+Q="}},"oIc6WVvn1rQb18w7Dp5njVzDpewhvviIskCbZKnrkQY=":{"valueMac":{"type":"Buffer","data":"woLeb1Ea+7/sh6rHSbF4UWtO5EWZnnvcBdEKDp82Oy4="}},"oQY2eRBfIqu52hiINz3iiW4huzQwE4zTgtMm4vkQSfA=":{"valueMac":{"type":"Buffer","data":"9r2opH9SdbsYk8T0+2R7EUCPUd+6ZExAlqDxNcYemxw="}},"oQzGGMrPEw+BYBn/kxE4Baq7ddxwTvu7gdRSh3wPEdQ=":{"valueMac":{"type":"Buffer","data":"5ba+mnc/yi5QQkc+t5ClMS6lFIts4lj/q7I+h6UwkZY="}},"ofro8liPM0lAJ21FTsn+3pEHwlN0FnKSrnRjQjkIKtQ=":{"valueMac":{"type":"Buffer","data":"qv9jcLypJrC+9jhZ2ZfOpfquGmnqDpxDYQ/TZivH5uU="}},"ohnSoOedFAgYsqCXdPPcC4d6Ehs0KBrMVbdvuN4sCLQ=":{"valueMac":{"type":"Buffer","data":"31Ij+NIeBucCFFYFcR9rxGF8y2Q51MJiRuMLi0L+2DY="}},"onm9ZQLUH3XGbYHm1ghzgDXVI6UTln9qCo3pO3F9DwE=":{"valueMac":{"type":"Buffer","data":"eRgfY+O0kvdTqc/hT3pf1hOwCXA9PyuL2CoHvfLpqUg="}},"opEDv3C9f53pDvuhV58WMl5fMsjfdMbh6dTPyliF7ag=":{"valueMac":{"type":"Buffer","data":"I9MqTZBJmn8tSG+LSerLGzD4MKaGhWLVr/WehM8Czps="}},"osLS5uCQKJ2teYjO1j6fc1lSVvTE0cQEEg5Y7GZ1Pcs=":{"valueMac":{"type":"Buffer","data":"4bfDfbLB4Xr9SDHPqWiggIF+eufsaMRq60Fvcl33ofk="}},"ovWVzFgf1iXR+nRvIOuTWRKF1dtwPgpy72GbNZlBrbo=":{"valueMac":{"type":"Buffer","data":"hFcjkDv2oE17bVUGzFtqQ9WmX0LsHN2VB+mvY0NY4FY="}},"oyMVvpzm9I+drIJgFEjBuWXbK2yVxt3+YrB4RPpBLgQ=":{"valueMac":{"type":"Buffer","data":"RtnbI1fUygP182ejiMOZZoU/58jMN4MPh0osyWNBNwk="}},"oyugWmWvH9bhe4j7cvRsXTshffm2gyIhiW2vFkcfhSc=":{"valueMac":{"type":"Buffer","data":"5OBkT+2/3XG7ZQ1gpLRZxRDVjwZqN86Vs3J5SNutVoU="}},"ozh2p+7+mHfKMAecD5C/121PLijohjebGhLkTD61Lgg=":{"valueMac":{"type":"Buffer","data":"pETbC4vG+xUeGf0H9KW1oLxODXVvQTcsGVK8/agql2M="}},"o33O6LhqxCiePcEO0MIFVmRRAullADNawPCwtB1OjY8=":{"valueMac":{"type":"Buffer","data":"PdFAk6oDkt8CXumOHNd/qNlwZ8T/rIEK8VkNZ+2CpYo="}},"o7q4Zwc92FtZA0sZoARutDv1OG+UIpQXi3Jrzs+6IG0=":{"valueMac":{"type":"Buffer","data":"4SlDv+vSmTGG7J1cD9l5rczT4uhu16IOiCfOdXy/K8o="}},"o8UrlOlSy0pgm4J8qkl5UNTfJHSj3ui/oCwE4GLK0PU=":{"valueMac":{"type":"Buffer","data":"euu65K5ROx2y8aMcyyoPVI5ic+cVdl6ZAgiiBqIwJMw="}},"o+0UCHmKVwQI8pUtq2LA34ZI9tcnK/U+TBnDqwhdZvY=":{"valueMac":{"type":"Buffer","data":"mk49cPpyq20hiklr1rrNwjYw2AV0DEAIHvMkOWHHRx8="}},"o/4glmLiGA0AEz/M9yGkvemQcEK2d6w0QqPhujpyQBI=":{"valueMac":{"type":"Buffer","data":"hhnYbPLJcHoGS2jdQX2HnXSropLKYujrLRXzcJKdBSc="}},"pEKmR9NShenQHK0AD3N6siRQnHo+TfON8W3t0fM77lc=":{"valueMac":{"type":"Buffer","data":"O0ICF6JF5UtikAu7OFO2inIH6pUJBIx44ysyXypWKHY="}},"pGWUm50zud0VgnqTNxTI4PyIZkzmiLPL/jE/dMmEi6o=":{"valueMac":{"type":"Buffer","data":"JwliU9eK5czS7V45Qv5SLNYUL5L1ofOu5cZJxT0FDCk="}},"pN5cy7Qtof8hB2AZrttBMnPbn9txVVjKWvIp19DBwnY=":{"valueMac":{"type":"Buffer","data":"xXNXnIwgx2dJzXZtyQHD64W10mhkt70qX8f7IcElESw="}},"pWW6ko2N0b7ZrTaxWW1dAzuGYbcsnKC62LOJZmGwmJk=":{"valueMac":{"type":"Buffer","data":"r6JYoAtdzikUUFo8wn/jQGMWfkSkQM8IQNFHC2XevQU="}},"pXBq7OlhL1duqBPsojTDV5VWvSzgkF09WsRjk2rbxkk=":{"valueMac":{"type":"Buffer","data":"RtOYf9cgvQT9VXNAhMHeIgiKUceqIGMLcK/6NrRSYdY="}},"pXg07mLI1xb2EuqR5JT+LSO11c/ieALzd7htv0/mw2U=":{"valueMac":{"type":"Buffer","data":"lKeb80ZRmtcuiqqqwtkTQJ4CFPEcT60vJ16W49our8A="}},"pgfRZNsjjRGvKAMuXuY2ReQJ7N5ctZM/lxREgoniCNo=":{"valueMac":{"type":"Buffer","data":"3VGnZmRwG8mvqM0EUa4IzkRMLrYFxX3vCqZ/Q8WioMQ="}},"piE9trbZstrPii8BU6bPaSv9EZueh65pRoe1nGWIR4A=":{"valueMac":{"type":"Buffer","data":"V9BExnoBZHOFTBbPbopsii4ibKo2fBBJ0kyGfqYDfw0="}},"pnge/C4UJZfNTfh/KBOPttf4nL/X+SXwyzK5dBli/jI=":{"valueMac":{"type":"Buffer","data":"INhbsWgra7Ui7kblpN51GZI5oHz75EMCrToglSzu+oA="}},"pqLDhmavfInZCcfz8K+xr5CRPTZbX2sC6dxRmhtk4ok=":{"valueMac":{"type":"Buffer","data":"yr3vZ7P0w3Gd6sB5CBgGnmTQ2yobJtxrcfuITZrnzCI="}},"p5cUng5DgMdCs5bAUHccIXJ28oFvTtZAQ6Edx+BiqK0=":{"valueMac":{"type":"Buffer","data":"G+q2P9Y8a8lIC0NbAvvnPyiLmiSJxSb9fVmFhlr+qaI="}},"p/mUu+UNP4v8rOtzraRuVTu6CB/LW21hPcuN1cQEa/g=":{"valueMac":{"type":"Buffer","data":"tZaIG55U2oarQ8xlso9ZbSAx4RDNYT111AWYDFDNgeg="}},"p/rSZbtB4QwdC2dRDJG9CdcR2HhpgE4KDBiski+6AnU=":{"valueMac":{"type":"Buffer","data":"koymSyP4+Qlsy4a/1ZC6v258ePEOT4zbrtHU8lgjR0Y="}},"qLE1Q6c7eT0Nwnwqo8C50JY/lV5JPqJqWwLL70WR4jc=":{"valueMac":{"type":"Buffer","data":"XugP9P/2qdDQJ6QDnWfi2xq4dgKGKEG0n9/ISS+MTEw="}},"qLrsddnGzI10BfLFQlvVGK1SblBGxhvfpK4Ya3Q8ZsY=":{"valueMac":{"type":"Buffer","data":"CGggyIkPWXDpid2GchGbPX2+7Syc93ysS3RkEa55udM="}},"qPUyb414lNFgEks8xRT9HpOZEXi9SRe9RuZIoecOHHA=":{"valueMac":{"type":"Buffer","data":"36LFWyl63W+cS+CPznmStmye10WBivpLIX1sHJiAnXI="}},"qTHT1KRp9N644nanFHA4iYEqGM3EH6RoHy5C6JfM/dg=":{"valueMac":{"type":"Buffer","data":"QpoNU3i2a8ATYebbNg1c1rwL6+Ld7/sMSYV+r9dUfog="}},"qXXILtlUFI2LPatL4VhIZcvtA1w2AYrnmg4X+L0dZF0=":{"valueMac":{"type":"Buffer","data":"aLu0If5ze56U/BSfXsgni0XVowM2gBl01Js8opddgUk="}},"qmwRZ1l8xqhnBurG9+pZTBfu6UWzyf6JmRv/C4iJ3j0=":{"valueMac":{"type":"Buffer","data":"sFZMsL0l18A+GAJkJna+17F62iFvf/BX2WzY5N9k8h4="}},"qoP750EJQCo5MrqcXhxRO4CyUunT9XnBoAPXQ2f0Iso=":{"valueMac":{"type":"Buffer","data":"kVHh1m/ehjJOcIJZNTinYbBSXV6Vrr8Ty3ux3iBENz0="}},"qzFOfly0jPIFdV9zeUv6IjG6IrTBMMKXoukQgUizruQ=":{"valueMac":{"type":"Buffer","data":"Uo0U3KmJDFJdgSiW+EsIDJull1b5iQeIrZg8MuGBAKc="}},"q3qUBM0V1nGF6eDnszLymvAJJ5FQci2WiB+baEnm7Ts=":{"valueMac":{"type":"Buffer","data":"aty+S4BV6/D2sLNFISPk9EmxKEuaTBOkTUKWcRtyhYs="}},"rO4PBO+ePkAd7DsiwwDV/YDNIyNsZP2ykCtSRuja54c=":{"valueMac":{"type":"Buffer","data":"yvc37rPRZfS34/yumZ7OYGWaWi8dDen9G6b4ppGKDTw="}},"rUL6ETVHY2oe+47Dh+pv8ud8LcKT+/sQ77dMHMt8vaw=":{"valueMac":{"type":"Buffer","data":"HAH7E57XLTWkiaI/Oyrb/HaC4hgdBTGEK5/a7JZ49O8="}},"rWYV1hkCphXTzGhiFlMzqmie9dRBAeb56etXWtdF2VI=":{"valueMac":{"type":"Buffer","data":"tKvAKw+zRCmOUrOdna0QiYnKC4vNG40vHJhCVycokZA="}},"rW3mxQk/34n+q/JuDzELo8rmCKPywbNXvIWe3qN5oz8=":{"valueMac":{"type":"Buffer","data":"qz7cx4fqHlUYyAYF53JEGcvG2hL0DaAGuH2bCFFa2bg="}},"roZMDwkhv7HJtWq6FpKKskYU4xNDawjqZnHQW8b5/ds=":{"valueMac":{"type":"Buffer","data":"ftNgev1UERUsnLabdngXEVtUcnfpZ4LVDRCqOcCN+hc="}},"r7EBRDKdw+ZXfwPELnpufLhIcan9DqQQo+0oxy55j9Q=":{"valueMac":{"type":"Buffer","data":"ZHEAO913imZFELHKNiKvvNXbKPdZstboeVjU/3qppV0="}},"sDZSpFlGlGFCxmls+eTpAlT6vXi4vDb10LK0cOgmQ60=":{"valueMac":{"type":"Buffer","data":"xSf1m4zeXHrVQ92Kue39pFjOhi5Im/jVHP3tpdJnWwM="}},"sDyhJqgTPvZx/88TAyt2d4SwZ6FeTXaVNrE+G2kWXUM=":{"valueMac":{"type":"Buffer","data":"h6CIDyXXZft0aD8fUC8AZBBeN6+8qZAkTmAjoqNE4iY="}},"sGyX0HG2tSUYay8Hi/OeTxOmELvjQgx3Y58wmlr89pc=":{"valueMac":{"type":"Buffer","data":"fkSBdqIfy5JRWXb/o7pQdiP9JP9TPNSqSAkDzIg/ups="}},"sNXiLYRSDMrPPW63O0H7Z5qumencblvFtbfFIW9Su2M=":{"valueMac":{"type":"Buffer","data":"bfBRyAfQKvp+BUiNN2J9csi7/jsThwiQaq5kZZlA/QQ="}},"sVGHznTt3K1YdXEzi1bFdnq9Umb0KDKqYBQKbRo+Z5I=":{"valueMac":{"type":"Buffer","data":"UhOZjyjONF/FnhYZzvwbwVN0PtcqOJkztBTxr9dECGs="}},"seo0vFEfS60c4CHKf+1Q0sgIK5gYF1RXip5fdfS6Z6c=":{"valueMac":{"type":"Buffer","data":"kCVtCK89AYKdUm4dU0D7fDmfwBv49fPKBILFvyMqJM0="}},"skD2wi2uLjQwpS3l4Kvdwwz0mz/eO93yekWhWSnQQn8=":{"valueMac":{"type":"Buffer","data":"gs7bgach8ShMybqJclH9jodVfzvo2y6cF75NQOSYL2I="}},"slRXp0OmBeYII4c5hsPC1hgyEdYNUwmxqKLTAivtn2w=":{"valueMac":{"type":"Buffer","data":"xow414Us5OsGmNw+i8bjyTZmfZkPzxAVi7pc04reqaQ="}},"s68PZEGYmkQjNp4nCxCM1S3lXfjjWxQnLufr6FmOO6A=":{"valueMac":{"type":"Buffer","data":"/WFgQnRkTGSlu7LjwSvDPHhL6IgNIJBcLDJZcrwxfXM="}},"s/MfxQjPnt2/giRWI+AqAGaTmTNC2IZ0HJUd8Jstl2g=":{"valueMac":{"type":"Buffer","data":"WmA9Ax439cnaKBmhoHGqxlCQdKKVEzqB2MQ6kotZqRo="}},"s/6Qckdlew0O95TqSKvZO/v6oPUhXZ4tqLCTQjyMEOs=":{"valueMac":{"type":"Buffer","data":"jV3T/Hf9EMlPsjWZlohx7pzdPMvIBlT46MpRybfWISo="}},"tVCPo8r5SONGPYFnAGSRYUF99q2uyKGlLgEw31sshE4=":{"valueMac":{"type":"Buffer","data":"tpEs7u48DSU5qd4XPdpacbK/ZAQhqY68LfVYFxpKOBc="}},"tfi5o+roBQtxKWgDrm6wzojczcwVGQDa2YrVP/qMp2I=":{"valueMac":{"type":"Buffer","data":"9FtcMl9nf5FMNPwlpM3EoKquZqabezLehKAla4jMnNk="}},"tujxlVgQSkad4IaDgs8BDNifpatngnzK01b+ceo1GEk=":{"valueMac":{"type":"Buffer","data":"hveEJjwhY1I8lIT0vxpQCqu7DuMuDeLWjhtRljNcLLs="}},"t4F5dSj1vj+demwbpW6wSw2KfH9y/KnJHFQmpWYYm+k=":{"valueMac":{"type":"Buffer","data":"scZZ/Pcp8ztFXks4/k13LBx0uo4o4boOveztCrMQbyM="}},"t89yNafzsGNxcStBW6l+JO8srKr/l9GtGehDhfz5rXs=":{"valueMac":{"type":"Buffer","data":"P7v/6PTqZxsYPFGcAGT66fzEtDhLPZr9AC6d2nmMLeg="}},"uAHcspmlfNZPd3WLxLyvGU8tKQNO8rYnh9upLZQoo/U=":{"valueMac":{"type":"Buffer","data":"S7jAuNkdTOqwS/A6FhI3Y0Ec0962PPQJQUV8tyzzFGI="}},"uMSKw/UGO5SGY7zBVLj4+TQ4yHN/ogv1bMfn4lpxC6w=":{"valueMac":{"type":"Buffer","data":"vswOQw9BnOzxS0qRRM4mJfBmm+O5ZE0uSI6pWRbV9tE="}},"uNkHITswDSMO/xdUg6dr+c6+mSRr5zw6R0qqb+aUw/A=":{"valueMac":{"type":"Buffer","data":"0UqBGn0hwz0bzi2wCaHA/X01LWub3I1wFs5hJHlnLLk="}},"uOMxVdCyvGGdwhq4A2wZPs+pBwDsZvWP36HM4/iVAXw=":{"valueMac":{"type":"Buffer","data":"na8Z1O6DVRWDrItJaJ2oT+7yTkS443x6wFGuw3/7cHg="}},"uPXPFQO/nf8IB2rv3K9yR9/XCc81LW8sFsnZyWzy6+Q=":{"valueMac":{"type":"Buffer","data":"JdwIPOpprC7CXUeoOjv6FVXt8Z9K43jnvqErzwESkZM="}},"uXvqJlOEzOTvW8J4SdWNacRCN2NCv8fETa5k+IzBRHQ=":{"valueMac":{"type":"Buffer","data":"VCzuTiVWMoXcncvfQwJFTQ10aQ1sMtp+l6v83YVMeXU="}},"uZ0lkoO293yXk0CWs1wQoYpooXb2waBfoCUAedoYtE8=":{"valueMac":{"type":"Buffer","data":"RKqrnBplXTRXAJdlx4ISp1/rgF0nvED9U1Krg2DB1l4="}},"ueCxzWEAA5n8qM4cx6O52Afx5FVwJieP9vbWBfPgFt8=":{"valueMac":{"type":"Buffer","data":"tsCgpuyVM/nBCNHgl+4Epw9UKIxTrbeuLbC8ecIcNaA="}},"ueOPJ5c5aaIqfKH2/94iXSAcjkTBS6Oaf4N7sY+Ywts=":{"valueMac":{"type":"Buffer","data":"6c59e7YeUH4XhtbeT6OEjiOiN7ZUfPE7SP80QHWSRec="}},"ug9OE5reCVMfz46iiT01Z/9jS7V6Qi73YXn/OiTFcMM=":{"valueMac":{"type":"Buffer","data":"jEU+T+y1YJlQpDRWwh0ZWJh+Jw3EtR1u58GB9E5Pb9k="}},"umyvs3Br4Ca5K8jOx6XscE93RYwTYhz/g6HyV4VP8lA=":{"valueMac":{"type":"Buffer","data":"J3xdMZutbENJMoPVUMaGnzH1c1CojAgTMCjBy52OmRs="}},"u5wV1+cfq3VFLjvepcLuMIi80BsxG8vwf8mPuhEjcRI=":{"valueMac":{"type":"Buffer","data":"M/pZY5jp3Nky4YmFGX5OXc8abMMKf0CXqTkG2CP8y/k="}},"u+O28F9aB4AHhMKFWrDz3ZiKXBfbM1T36SzoQEZXTwY=":{"valueMac":{"type":"Buffer","data":"inpYtWAuXg4Tt6mWSOz3iADlNpTGHsPWCHWOfzaMQG0="}},"vD2Ug+mT1AZchbJgM4pCjmz+aJosxgyqeiQNaiURYx8=":{"valueMac":{"type":"Buffer","data":"qHg/MWhT5FIEly5qhnkU+zENK8dTd+EQQ28tJtqVgBo="}},"vH9HqQZRNY93SLaoCtJOsYH0XR78k+olYlrlHNk5RW8=":{"valueMac":{"type":"Buffer","data":"5+Ddfg5lbvKQ3sqnaGT4zSJXym7AgBq8PT2xxY4fRIE="}},"vLKvBEpqPzJmWFeoANPkEazG3qA4zD1Avva7M7zyDrM=":{"valueMac":{"type":"Buffer","data":"vOQJf5+Ev8tTJ6kLg8yTMibiiwzFdnFwIKSrB3YN3bI="}},"vVhEvXdMJo6eOwJC1+5jP6ei4GZiNiPDG90a/X4HMQY=":{"valueMac":{"type":"Buffer","data":"wc3+Y5omw9c5bzKnkHyTaUKRtuqjnx1N6kaM2Ke3vuc="}},"vcLeWtE6pbaZUcEbHAkEo8vMDsmzhZfNoOQIXDF3EHI=":{"valueMac":{"type":"Buffer","data":"OCu0F/Sx1XtvZNoolN3z9BAUTG6DVvelcqa0crIHqP0="}},"vmROSSahwDpwXjgU8rSERwN8Vg42thooMk2aPD62VZE=":{"valueMac":{"type":"Buffer","data":"lIxZkms8LHZsWVhnfy3jIra5D4DQL+jcNpojrlC5Gq4="}},"voMXs3ZU4E7sKuDX5lrvYc5Ms8ZGYy5ynkTg2FgzVQ4=":{"valueMac":{"type":"Buffer","data":"he8wT/d79324dotrqBofXoLgUk/5BQc2Ar0wRwzxlHg="}},"vrEu0lYo+5707w0xEhOmJO6c6gcJ652nLWJwS+z0oQQ=":{"valueMac":{"type":"Buffer","data":"ZiIR0MwDYcr3g0r4jIldxxFcUagYJnicYLw68xmMmuo="}},"vsV3ydmPjRUdGRvdLr/SxAPJBZ9gwBtkopVqC4k9Lgk=":{"valueMac":{"type":"Buffer","data":"Hm2gquJqtvzZhRnDSDcHehA/qrbIr9iVZLOq+Ltmi3o="}},"vwkErLoeGF/34wArFoTnr2NnMJDNiY6E9Q39vmV4pLQ=":{"valueMac":{"type":"Buffer","data":"ItSRNHw5pP4WPTWKgYAb8siOaC+rcSYaUl1IMbi6pqs="}},"v8VpfxjlM1pljiAj7A7eHETHbW+OS9+CIVtzMlInNyA=":{"valueMac":{"type":"Buffer","data":"Tw/uhPIzzsZ4pOfJD25MbtQ0zvGUMIHDAXqWKKb1Ank="}},"wKhSWA5Pkthli/qWqB9UvFTZ9EgDmbrGogXKe4O9Y+k=":{"valueMac":{"type":"Buffer","data":"Sl/v4jBN41PXp90Zyb5F4EZsQRm9fyszPvnKWLIx6kM="}},"wfN+ec71gMqYI0F9FCrAplE4aV8F2tYQuUhibytiKLM=":{"valueMac":{"type":"Buffer","data":"6r7SA1f2ET9izwAYOcT7I+yuqWgTZwOAzq1TK4embVI="}},"wnc7oDdhe9WPmJrZLcF5QQg+0OMPlb2baZYf+5+zy48=":{"valueMac":{"type":"Buffer","data":"t2/gXCoyV2MzXwkpvSjCySAxlhaiz4DQYNFqrL4PCkY="}},"wssam2bvmzeAJvXR0GnM4z8FA/xJ7JYEVXeSu3qgUY8=":{"valueMac":{"type":"Buffer","data":"faul9fh0WqxxlXHZOnoiz2Uq43B0iLXApBg+4O01LY8="}},"w6hl+A5GEnVxCZlHxLzs7sPBnE/C7wb5q+6xzA6HBKU=":{"valueMac":{"type":"Buffer","data":"WBzGb1WsIvGS+JPbJ7LLezDPYh7skPd1zaQjBa5Frvs="}},"w7vAPt9k3pE9w6I3+Ob1DNLhfcMzCoe4KPkgI103R0k=":{"valueMac":{"type":"Buffer","data":"JLw/y9yB3Z7g8dhR2v6qHyrb/aChHA+Ld9qwvz5xSqI="}},"w8MNhLKN+RJzSildhFFAxfjDxDpW/TOthIa89zCSnd8=":{"valueMac":{"type":"Buffer","data":"IxJ1wqECWlkRX5TZtPpkOGZcPGd5qdHZt9P1z86jqsA="}},"xDzixxBODZGR7/F1WxSXdEDJjUUWC/jiULyQgSY3G1M=":{"valueMac":{"type":"Buffer","data":"jnJiNoifIgcD34sCnycB0hLSatRDScnrWDK8hBrqzp0="}},"xHlj+kePF+mBKXuV7j59QAhtREQlyKjkeR4yKf6jpXc=":{"valueMac":{"type":"Buffer","data":"RE8esrfg2znRPGyiu8fobx8bVwLC4Iw2Ad9gIqdEw18="}},"xMLHOpThnhdDwqfoSR+GVCY6Flf4Qpg84xqth8Mmmyk=":{"valueMac":{"type":"Buffer","data":"o3vUctRVDzAcgxRcprggRGudoboky2zYHBw7S2Vvd5A="}},"xMaZWp2ghSP+O7DMh+7hqMtUD36DzMQS657Ca7g7BKw=":{"valueMac":{"type":"Buffer","data":"lTCW8pL57i3VukN/d6xxVEAI/Yms/JVr28b4aiyvmx4="}},"xPTwK7R5KCXH0Wp8UcRDfbb7LvdetnrJG8CKV3oRCrk=":{"valueMac":{"type":"Buffer","data":"xprR/xoTe/UMue7j6wdPFnjqv7DEOZPaxRGhjMOMb+Y="}},"xTnwGy2bmRBdjputbXmhrIJr6t3NcHIuOF1eP3+/iKo=":{"valueMac":{"type":"Buffer","data":"E5By5qr09ekV0bbXXFZRPR06b1sXBORwJ/SMMsH//nA="}},"xUk4Re8USffohYI00hTMy3kWLQmhDD1zC5cd1m4j1uY=":{"valueMac":{"type":"Buffer","data":"wTJQvgZTf9IfHxBo/JpzSkNXVE5vfXTxRMqz9rXsxCM="}},"xVz63FpyikfIC9AHt3fvWpvcmd5Kpu+jFqHIgiiR4nY=":{"valueMac":{"type":"Buffer","data":"+QpYzebPIzl1OW7wgh2EhMl0UlClIGy7Ui59QsY0fcM="}},"xYFp2uo7k7VbT7AEskBFZKCMFlti2phde/AsuDM51+w=":{"valueMac":{"type":"Buffer","data":"/Nu5/yaSMOBrM559ECauTGFHo+QDFUjrg9A0XjojRo8="}},"xjBk+8LjDYggaosTvBO4Pyl78GS1ivSSonb6qyAF9zg=":{"valueMac":{"type":"Buffer","data":"f3yL5f4glrZMRJVSB46Yx8cClhPwrot7DO3GWrnXj3M="}},"xl5OGclpaceD7TWnXKU3FvWPOhp+hro4FZNu+L65j/A=":{"valueMac":{"type":"Buffer","data":"tqmbAMnodD6iK0+6vdyXoIstdW4BUwyVXVogPqSyIRE="}},"xyFrkFzvkroMpD2V/EfdBqn+Ll9ftiBvs1vsvq6VGCY=":{"valueMac":{"type":"Buffer","data":"qffAgete+XKs3Ci3YiCjUI9wAvkxuklr4ZzdLamEtyc="}},"x06mVZuxxtvELoEMmsycHPhR3k/qcbPi6z6EQvXJUh8=":{"valueMac":{"type":"Buffer","data":"0IIS2ulq1uqu/6RNnksBW6gkvZm6fGx9ZSiOS7HV/u4="}},"yP+NJ+t7gWmwPseidan8eILTb4Ma3oTxY3JRmHjlne4=":{"valueMac":{"type":"Buffer","data":"1z0sW2FOgJYeDxX+ENyIywjVjowhlhxFwFBYTaI6qpA="}},"yRu0bbUzo7BbZ2ZEO3rTUAMyKfVGKj024A26AYM7Hj8=":{"valueMac":{"type":"Buffer","data":"msbKXdmHxXLrs8tiXpZOTBwkI0GXnqLvmhObo2O8nNg="}},"yfpjfcYYGMqyhJtQbwP3Iu4XpbQ229evNWd3PlJdlwg=":{"valueMac":{"type":"Buffer","data":"+4WtmjotOmLkvZXUTbxJQAklYDe8E85p6AEXKNMX9Hg="}},"ymUdSakuTucFbq4PydC/+gpl9+bAK7hrzYAIWY2pzmU=":{"valueMac":{"type":"Buffer","data":"yKG2ZcH+Yu1b3jeC7bXnenFRQdS9u6RcDlPW9IpZacI="}},"yma5VtHmuodt6U+coGOOy0pUprXiA6jRuk/ntQCgowI=":{"valueMac":{"type":"Buffer","data":"Kc6xmZQpuStZJjuLmTA472BkBYUWSHMzJyeG8Lq5TwI="}},"zBM393xBY5h5QMN2cTRiUr7ON3UnI2sLGTj6RmujOcI=":{"valueMac":{"type":"Buffer","data":"Vu2zk4NzJcPUoBVbSN85wtzKZEo2SnPhhh0OVGhPw0I="}},"zHA91JbPK8StNazME6hvAnwEKWBnubHqFlwAqe7IZvA=":{"valueMac":{"type":"Buffer","data":"XYSs20O/holGG3L/wwnPzew1fRQFGsA5xsEeN3K9m3I="}},"zHTDL0A8AVkG835zecCehQDJHW9dBJFXEhVxdzUUXCM=":{"valueMac":{"type":"Buffer","data":"bdjmcJsjf+MR5PD0nn9gO0HiLqJ7PPlf3kg14uuNGFU="}},"zNKpniM75UmECrOC7tAix0LokUi8lviTACw52gXKqAo=":{"valueMac":{"type":"Buffer","data":"0WxW/POsvd8p5aqFRKbSe6L0cqD2jqvJJxBuJHCAH6o="}},"zYFeDPms/N/CpHNeVNhVUOduXS14f4npmPfuB8gWb+c=":{"valueMac":{"type":"Buffer","data":"jMdNrtpap5OEX40fGVY50Yysu1Kd8I9Qea6WtBVdInc="}},"zbGcHbYiuuRZ+1R66dMviRvPTtdOcSw4mxlnWKQo7Co=":{"valueMac":{"type":"Buffer","data":"t1D3dhMTFmiU2jLOTc25xpuYnHZPiDibXIhyQtCzJiA="}},"zkS5BP/7luzZS8rgQMA8I/0SENJTjsEarkE1BgM5xb4=":{"valueMac":{"type":"Buffer","data":"luy4W9pRL7+muEAXuKQ8LA+pdrVV1v9pUIK+qk8/8Yo="}},"zs+Z/ysgmu8KcO5uyRwCrariHVxZCe4ZO96fC95kr/Q=":{"valueMac":{"type":"Buffer","data":"gmnOU53nJayGYzFWpWpKMUK536vX7S7XhXJFa1MnIfY="}},"zuAyPEMSwU98BnmaW+xySzPi38teL6I53FUJ57KxaRA=":{"valueMac":{"type":"Buffer","data":"8A3UIyljHkweGet806NEc0nfiE1d8vlf6dCT4VQybLs="}},"zwXObhIHCUjBJVm4keE+PNS49kXDWHbXinXs0h5EdlE=":{"valueMac":{"type":"Buffer","data":"ZWDpTuA5y38q12qJ1h+oM6LcEDyNHty9c6XYBkjrum0="}},"z2/AdUKKpCfP4mhZaZyW0NfyhX1OLT/OyB+vhHj5taQ=":{"valueMac":{"type":"Buffer","data":"af90dctfK8tFilMxY/oYCXXEZ5yqOMqAAiNLuDocJyg="}},"z7ishgc9jV08/vM+usoSIrSRmJduJpBfsyQrVD5dZKA=":{"valueMac":{"type":"Buffer","data":"0el9pt51ckoNERwsUc3dqMLJJ3VNva+AR+5vqTqU0UQ="}},"z9C+M3N3mfX88kSuRGRqpyX+s/INK4W0EL2zehwdbKw=":{"valueMac":{"type":"Buffer","data":"eTfUVPcYTr1ArKJmDOOlKk/GGRIlhDY+PU09/di4Y3c="}},"0Kl0r8/pz/PA7yIlc5wRHW0KLeFlb5rGIqUQsQ391IY=":{"valueMac":{"type":"Buffer","data":"vKMv12u2aE/NNOuB0/nHiLMWog9MCRuu2WJdPcxVL24="}},"0PeKx3Zqo2c2V4YZE/Rehl7h/8gYc62ULkmGEDKMg4M=":{"valueMac":{"type":"Buffer","data":"Rd+3MW6Un9PVxBW7G1yANkBvuMdMekGLGcwPxFex+pw="}},"0QUwf25kWS61O2epuXWEsDhhk6BmaIBuBmTf5NQ1kGI=":{"valueMac":{"type":"Buffer","data":"ZsKTuNoq32pe5DM6dEqToY+nku04tVxKmrJGTnAZEgA="}},"0XVCsAcEzhudCRW/EyLrXmk5M7DIk+v9YY0/YQw9GDo=":{"valueMac":{"type":"Buffer","data":"JfTKYNyeqTyBhtUZm+YdgGr9kKhqUCHNbNQCATQCdG4="}},"0XjdoTuDdnVPsL+anEfNKH/JG4MxIevViNfC9+mqFuY=":{"valueMac":{"type":"Buffer","data":"Q+I/FAfJkjTpcIHbiKCTARTARmlulPxz4bX2qLUySAI="}},"0bday76zH0/qkFoM3g7f1vNSNDscdZYkAXNijzS9ba0=":{"valueMac":{"type":"Buffer","data":"iqifo4RIMwSpfzm0z+Cy+Q112zuth86cvbyYN3Dq90Q="}},"0ebKmC+PynmsVQWzh1ugzR/fGwEAhczpSerVtdq/a3M=":{"valueMac":{"type":"Buffer","data":"gCwQySK0H8zCj4TDawj+Rc1oZbPRUVVYIadg64SQldA="}},"0iJ/xlx9RjMsE++o1prJxmCq9j8FJeHrj29nwqMfShc=":{"valueMac":{"type":"Buffer","data":"+JaVzZxGAv60p9RMjWuLFomXifKtgEYXOrUxvsFB9OM="}},"0j1psL5lnbvE1JyvGdZwynumyPPbB0mbU6UDY8uRkqc=":{"valueMac":{"type":"Buffer","data":"u/Y2TfZpjyoPt3Kf81E7lAYcYRKv/GCKnOgz6BH3kGg="}},"0kPd2kdvTvu8Av+0Jzukri0+v7JK8XDxG7dfQAQwc3A=":{"valueMac":{"type":"Buffer","data":"bVSRVGsvcQ7gcwG9ntVj58OZBP9fPiXezLsDRcb5+eo="}},"04H+2Zz3t9EYd7Sr69nuEbSe+t1Pz9CpjIefHWRV8Tw=":{"valueMac":{"type":"Buffer","data":"noY5NGVmJ/Ly3hkeZNUrnFVMxk3Ek+dXRqkKBXsQ/jg="}},"1BT8W9LqjKELRB6UDqX9fxQrQToRwwOBiLGi2ITBVtg=":{"valueMac":{"type":"Buffer","data":"a71Z7Z63GcsM4crzqOhqywECoalbHjL8CTDIyk+b80Y="}},"1Bf36Xcqh+Z8lcH6bGwymRJsnrZ1pSy8i5Ci1PYxr+4=":{"valueMac":{"type":"Buffer","data":"owGnWFQHzLNKR+Kq1rOuE22fnj8ep6hVUS92zK5zJBk="}},"1NsdZTjJyKrk4Vlr+QyNKnRbgGvpA0lvShoqQ/hzIJ4=":{"valueMac":{"type":"Buffer","data":"r/OqH907Zf7eU6FCWLnleSoiakSQi6HGJlWo9lfHNzc="}},"1U+CCqvjmGDMdHiBR9jsUfKWNJjT5sPUdK6tbgnB1jg=":{"valueMac":{"type":"Buffer","data":"URaXdaNf6XK0yUGaJqmSZjC+uM6T6LXQCAWQ0x5MITU="}},"1aPQzpWO9SqHifWsOsNYstKmjtqQ/Ws0l1MRBuq/kPQ=":{"valueMac":{"type":"Buffer","data":"TA73W7G/m+PEsON++/KUdLNxp5B+/L0OsDhRrYYtL1I="}},"1jywOGW5NSgYWuB6kh4kxvkO3BJ5rJGSbJv19bZEBjw=":{"valueMac":{"type":"Buffer","data":"bt8luqd7+KQmTHDrrco1LRzDHSGms+rEX7pE2v/ri9Y="}},"1l1GDrpza1mCR6W1gpzsaba5JS1YxoVi37pxpg8siUI=":{"valueMac":{"type":"Buffer","data":"5tKNAiUwA1okYlBsY8ja7CncTIr4zJFjj0x59JCUuHc="}},"1o/SxwtnOjBk65O0txsXBs2h4G+t35/Tk3LkSf0GP8E=":{"valueMac":{"type":"Buffer","data":"BmEiZWIJEIMGwXkGZNC1mlMcN1FGz4z2/lZn89Li4xA="}},"1qqIZ9DoUF+7atKWmWgAVhuZPoPQDkh0yON02wEVy6Y=":{"valueMac":{"type":"Buffer","data":"tOn3at5ChWYxkaAhQZP7E+uNiLkMMW9QFN0CqRJkO3U="}},"2AkS1B6fTxVLqv+oYlMeV91CM1Ll3LbhlX3iVZpyfPs=":{"valueMac":{"type":"Buffer","data":"pR6utCpEA0KwZpod25DSizjvv+G/PlpYjzxs8Vok1DY="}},"2EMCXWgiIHG15A4FkxKG1FUjsm9Q94HxVJMN2QZXSRg=":{"valueMac":{"type":"Buffer","data":"GF3kfV5ETYlKDztoT88VwwIwwZNvHiM90z0Zkbu8NVM="}},"2FlnJ/dAL4HIJv2ULCX3loLYNJfzwpcHCEhb4RduBoA=":{"valueMac":{"type":"Buffer","data":"ZEmBfHz577brOH/TqLhSC9rIEWucNWHRNtOA2se7npE="}},"2Iza1OTOq0P03ieq0lrGcxpp/vKPr+6MJp3eCyaxy68=":{"valueMac":{"type":"Buffer","data":"cqos4T5GExw9/t0CxtMnGG2vc5+szwRpe2SmmogCwWg="}},"2L4vxXt8lKbBpfbVF0ZwQqfftiB3ZFWMLDUioIqy0+U=":{"valueMac":{"type":"Buffer","data":"gaUjc6TANPIIxbeaXhx0dvESDg5JSuf/BS9GVWLwGlM="}},"2OdZugp8yag2MQ7X2jBx49+rgYvguLPTR+SmBNaZ84c=":{"valueMac":{"type":"Buffer","data":"sbLw4zLRb1eptqfADZ7/gRB0tXPeIfQ1xztqsA0vcIk="}},"2VRwxFFWcyLNZ2orlNMslkXeUUDS64tob7AHlN/K4As=":{"valueMac":{"type":"Buffer","data":"YuzulDjDAg/HQ0Ns09PWwoo0WwG0/CtoM9o7VcjSr28="}},"2dl8OzsbbKfBee946K8LMPAEmpgPslQY4fOO+cZ/nis=":{"valueMac":{"type":"Buffer","data":"15tGIiqQq+6sjABu8jKPRJg+XnwRkhdUp+lZKZ7d2RE="}},"2ltvjgYT3IY8WIrBNsI0oFAW4UsGqSGLfYpJR328eT8=":{"valueMac":{"type":"Buffer","data":"wrWDgH/gCDRUvcA2BE++LZR6HT/DLUsVNTMzZ+9hPJ8="}},"2pnE9QQuWipZO8qzQ8+1Yw6UwrYZ6Mrr9ZGq1FWGeT0=":{"valueMac":{"type":"Buffer","data":"UMlOSjULkgllsRTBB96zecxyNqZcKBXNWeiqqEHUOyw="}},"2xlNoUB+F7ksI0C8Ud8n9KUfOwd0D0Tpn02AzE4kJDw=":{"valueMac":{"type":"Buffer","data":"CQPFNSt6fNpbQAFpND7uCLTsuHI6fw7WlqTN3E+cXos="}},"26HTwIe52vfoo/LnLLl/LVBbbjEVCftEBw3MSlXJ5c4=":{"valueMac":{"type":"Buffer","data":"z0omCCKE3eyNc9jTFXUFh0eqipuVjlwCDQk2glGFURk="}},"3Ebl/MNywOwykm4LEnd5w2lXicU/azFBA9BqfA+lkOk=":{"valueMac":{"type":"Buffer","data":"7EMm/qF9oGB2k+W3FZcTCxuMMkJr535U+gR6ZrIQRhc="}},"3E+ND8jSUcsKE2ZjpEdDDy+Swfnr2uZPWiD1hphvMqM=":{"valueMac":{"type":"Buffer","data":"6/zEyzHHFJ7gFL3h1ci14WQvYkp0IT1UeJcfzDOGtXo="}},"3NmgigcmpvXUQG6tW3LMbB/JbVvTrb5EFYYUGtV9c2o=":{"valueMac":{"type":"Buffer","data":"6cfXMYTJiPZi7c+eCJ4x8i0qO5usLMSwEni0qfJCRPw="}},"3NtZoioyIRqrBmhfge3dcIOs0bBzdTiT7pzrEKA8qVY=":{"valueMac":{"type":"Buffer","data":"XfVBmciIPAzTeTvH+cBcW9tqPhHppqj1gug4A9WEP0M="}},"3XS787XZEVr3g6XeWy9DWmI2U2BuvVEdqNRQYE2P0hc=":{"valueMac":{"type":"Buffer","data":"9PAUBgcHAl+RWgEK7R49TYFz89IMTKgCGT63HoNE0MI="}},"3eLZqzXMd7COx+5baGO9WaW1lIbNrk8V9G1OHhKxTcQ=":{"valueMac":{"type":"Buffer","data":"7M+I5/FmlvfF5DEte0MCqmryyV7JT3mze9C91vou++M="}},"3gffZmPrvU76tHqDgH3IfdQ7HG3NcAbjfEiv72Z3URo=":{"valueMac":{"type":"Buffer","data":"CrnQRzr2d+q1mSRStwMGTon89v7+e5X7WJBGHCEhWh4="}},"3uILbUBOjl1lJGqfm7QwXyoap3Wx2HES5bV/rk39fzk=":{"valueMac":{"type":"Buffer","data":"XrlQZOrPdXUNRmtxM4EhzWY2FQcNit+pvJMcxACD39w="}},"3upBscfIEGUR8utjmNii+AjINKpiYEyXm2L6Ti7RVH8=":{"valueMac":{"type":"Buffer","data":"GEOGzNkgt9AjVVTY8IBuTw1wDX3rYOrPkFoCXIDAbmw="}},"3/7fyPV7BRJkOkCpud0+rkv2Qp2D7a6fJt4ivmMYbsc=":{"valueMac":{"type":"Buffer","data":"5HhZKSqZpL3Quoz+l9ah+zNUaCuBuVlo+mvkFsjoriE="}},"4Dq5c+C2Nca6SVYa37huSwZa/EA2BB3CY0BXMFaEy7o=":{"valueMac":{"type":"Buffer","data":"rT//12sj18iCziIVZ8KawWnsR9nm4dppldPrXUQB2ec="}},"4EeYCQ/EkHGqLAt4St5kHH4T7z4zEzElUjA3oea9cbA=":{"valueMac":{"type":"Buffer","data":"70EKa5AvD9IrMUK17I5XVw6KS65jn9mv0P+vaQYSRu0="}},"4E92m+duY4P208AShMIuEBTY/lQSX9tb8tqf0BqmT24=":{"valueMac":{"type":"Buffer","data":"F+1Vb+BtwnI1WQ7zQOB6XZT2YQ9SKC3BEPUG+McllDA="}},"4JK0nM8AcDSy1uAlVEQsVsaWg3eRe6bGvDM/gQJIHoY=":{"valueMac":{"type":"Buffer","data":"1wyYeXid8gTrV3SckWx0I8anCGqsirmST1vM2OohlCI="}},"4MvVd/meTHfv71TY11suVXbQP9mqJZXunZkyYg6sPNw=":{"valueMac":{"type":"Buffer","data":"XPAAAzUeOLXL0ul/IUsVO+O+PbCcoqrDOuGlMkK8zkg="}},"4b32TopWjz8Ge5+qacc2hgeoUjUg2Xm+pTs4sBUpduI=":{"valueMac":{"type":"Buffer","data":"ci2z9sLc3NK11qvsQ3ofx2agTwRJrMcepTsfIkfTDW0="}},"4vIwdNaYVqeAtgwGwXgHNukwyYe7ChbeJxaFq9depHg=":{"valueMac":{"type":"Buffer","data":"360OSOex+bsMfrlAEAv1YUev5/PXlIL2kMmzDIfE/UY="}},"40NlImB4+kkaqngkOx3W4h3wjHQqOOLgTHq96Rc9WMA=":{"valueMac":{"type":"Buffer","data":"M3n+Wvm6ejLG0VdqRwQr8N4VK2eagFmx1yMu69QyNqs="}},"49Zje1m97+U25UP+URdwmuVCDyP4NQ+9FcWVWNGSutg=":{"valueMac":{"type":"Buffer","data":"oq50HS2Dsx1+UC9VbkiAib8ePDtmm/RMh08fBXqBTmA="}},"5NLvKD0TfkPPC/KSGWznDytNJVYAL+59gf9NTeQiBjI=":{"valueMac":{"type":"Buffer","data":"rKB2RLIjbyzDFRM2nmb3Bihl8HPmmu6SQ/isXRCBLPs="}},"5OZQDdsHfKXrYHHYvIs1DTfpyMWOQ2TsXDBX2XYHN5s=":{"valueMac":{"type":"Buffer","data":"PPYP9c27OXV/Tosb8oaDWZuToTb/SOb8sV3vZ7LVrH4="}},"5S0nFmKa9q9BipSwwGT+M4ZBfu0bBJZvgqcwGlumFw0=":{"valueMac":{"type":"Buffer","data":"YvNwuLLuP1Ak9TdlZPJelLMFy5gsCt9TH9p/6P5tOng="}},"5blLLaTMz/dk+hcer9oR+HBcAWzfNRv5x6DoJLhOpDQ=":{"valueMac":{"type":"Buffer","data":"N2Ei1xBwfA3UOB0442yVNWxG/euheG2xhKwDk0o942o="}},"5e62IKJMmjExmTXFZj+Dg50JChn6MtJ29WUhr7SER/A=":{"valueMac":{"type":"Buffer","data":"xXILj+UwXjjF6xWS1AQIv7CwqeORpbEqXWDWBBt7sF4="}},"5mfbexcDjuP+ES/SBmnDBUrvXz+57tauFJG5Fzp43Q8=":{"valueMac":{"type":"Buffer","data":"Tmn/kjkqkll9Jj9cVLXjty65Im0H6dQCj8J37ooz3DA="}},"5ujxmPG+godywFLQ+9h/2ikAny/YpP1yHzQbJ8eaX+Q=":{"valueMac":{"type":"Buffer","data":"a52C5ObtD3ILgGO3/I6OVac4mUVuCFoLUoHLlg8IhkM="}},"5xyHstLdAh4TMrMvmwRwMF7t5ZU9p6HGeWYXHCzlniM=":{"valueMac":{"type":"Buffer","data":"kDtir1Yaba54jtkMb71PXuJ0Bb/tTRV6FJT3eWNvnls="}},"56vZ3bccEG2AiUtRwcx+fpmI/OQUQaxq24ZIhtSH1HQ=":{"valueMac":{"type":"Buffer","data":"IPASrjQi4l3GlnDAPCKNuuqdXmcbi5YW8s97bbWoK4I="}},"6CCPSreM9lYnG6YAbTYSQa2/sUmF5U21aXCL0hTq2AA=":{"valueMac":{"type":"Buffer","data":"R7cfPDhoZoH7YkZtsDjPoRIVD1xiwgMVjVNizFxvavw="}},"6L7aRvNb3x7kyEa3SiLtBDGQ2Mq/TCU1s5x3uSVCODw=":{"valueMac":{"type":"Buffer","data":"5cBXwqL69dkCO0PIuIO1+QCwtESBU/SZndwG9qyojjM="}},"6Ou2eqm47XKpuhWXQpyQQ8jm/zbODK/sawBRw1snEkM=":{"valueMac":{"type":"Buffer","data":"G68p/QYtoB+NcxBJijozKAqpIInAYIt/FI0M7eyjL2I="}},"6U7A6uvcbM7JWwEfbI97HdIdkBWUmhwMNQCPZxA2sbs=":{"valueMac":{"type":"Buffer","data":"ajMNDgRDpiUS1IHOgDa/Q4BHN00hNTh6d2bvqtOslN8="}},"6fBjBe8pCNMFSeZwu3qnhbxO1MHcm492eRoz/H3FaAg=":{"valueMac":{"type":"Buffer","data":"7uRU/MQ4WrDRcxJMHL/NJ6yHa8ApwFJixflNgS3jkHA="}},"6hRsWaBK4/5Ul64qJmJosNpHBD1sPVrO/zQTReXjYcA=":{"valueMac":{"type":"Buffer","data":"6v6dDzO4z6qfvde5QEkFfdvaK4L9mACt6rvJCswWD1Y="}},"6k8s7LYoSLdMqXDhHbaXTabmJgg00LKNgyU7l8CVAk8=":{"valueMac":{"type":"Buffer","data":"Pk3fQPBWti/AWv5wyfUqnpo4ltbj25FSJnIDyTVrnCg="}},"6pZ3IH6PBHw6ZRCBqNm/W2u2SuSZ0fY0IZ7jMFX9YpU=":{"valueMac":{"type":"Buffer","data":"ttps3iuerA9mZaFMZWRUQJzg3RFZd2wb22vpO99LAAU="}},"6qUVGG8VUT5eCuXj9L3rDFA/tLBaGQ/NcmuDZg9WoQA=":{"valueMac":{"type":"Buffer","data":"Ag9GPoRVUmn1VNvydGAhDCeSvpE+pa6uc2o7axJAjKw="}},"6uQtk54UY923rTJjB9xGTVLfZK8S3wnDv2Aip7uEMxI=":{"valueMac":{"type":"Buffer","data":"cFLRJ1aZuKoAZLx1Ykm2ir/VWfda36pM6QTVJ63VpKQ="}},"60/Uu/tDWvMLePY2t4/S8C3laasYweGRFLPVOYV4kz0=":{"valueMac":{"type":"Buffer","data":"7wzP8tkVfR9ykbsD8c9tmd0nmNQKXo6ZJJ6MsAa+4Ek="}},"61GTCXM90XoYSVfUdo+6PcFyrc6wYsORO4drK1WkDjo=":{"valueMac":{"type":"Buffer","data":"tJx6OeNVP6uD3qQCEazaeglLI4Y+C2BU1lh9Tvh8Ops="}},"7BQdRnKAkt5DhzDVYUrhWnXszt0D4DxegylsEcn2VQI=":{"valueMac":{"type":"Buffer","data":"VQsCy7yfWZkDEDfOOcEcpDJxXazf0hdg2/u2vlrJ8Ig="}},"7CHDhNzsnZVdAyo4SREBnk+hOe5oNv1jAUUbPht6jnI=":{"valueMac":{"type":"Buffer","data":"sPE6jZX2w/8E/j2JHtsxzOzxIMZmnhfchXjZgWzrWdQ="}},"7V+obfvb2W67ytLgFqZk1tYHGAMU9DR2yK/qEl4wnbQ=":{"valueMac":{"type":"Buffer","data":"IQPOIzIokOMVJY/3RJm4Br01PmmL5Py9Wzj4De83brc="}},"7WtM9dJ5/SY0VPRl/0rK9OpC+BjLHiibEimyjv78LGY=":{"valueMac":{"type":"Buffer","data":"9HT296Fgf8yiAW2TUD6JXaD04e4tGxiT3MJN4MeCdac="}},"7ai6Swwno3Kpg8OoNKyjoOa441y1c4Sh3fXHnhQQ47U=":{"valueMac":{"type":"Buffer","data":"n692010b3q7rKn4QSx93HjMvTX/z8iYhqOEml5RnJIc="}},"7jLqYbSVvPy7feBWjOv78l/adwHEGoFh+c60EpjPVxk=":{"valueMac":{"type":"Buffer","data":"n2Bd8YQYR7zZ0hmQJZKfEZc3Zq2CRJAWBQKemrJUVQE="}},"7lzGKZV7Ua2nf0mSY/qXIinjIWawRU8njBOKGL8TSxc=":{"valueMac":{"type":"Buffer","data":"xBWHpDHY0e9PRfCUkmIS9qNRziBs73nljvIsbjXT8e0="}},"7mm1AwP0r30ZBLux6iD/NrRSZTuw5BaRJ3NED4OoVDQ=":{"valueMac":{"type":"Buffer","data":"Wsa3cIYqFaX+TTULOLYILopc3DJZR8XJPp1pQwwdq6U="}},"7pJxWrVlhv7l8SVMvKo6IKPzgfGP+DBxD1ILA0cRplY=":{"valueMac":{"type":"Buffer","data":"5LxSlmOJHRx35xgdDscsJMgMK0TGFBXxlwckw6YFJ+Q="}},"7pgptT59QCa20maCpO80gkA6urrucyRO2WElrqEVQq0=":{"valueMac":{"type":"Buffer","data":"MIzuTx0V8C8sow44ZFRsKrW+YOx9nKCOwzfbTCE9pEM="}},"7qNMhZDfmJSRVtGPBPhrouagv4KMDEz07RuG+1D6zjk=":{"valueMac":{"type":"Buffer","data":"j6XJ6ve3jstYFAB7YEHOPvV+TxfOIML3T70d3q9q1dc="}},"7vOsOEAwbXQpRHqAX7wxnSwSIcKcrVFmRZ/0VrOF5G8=":{"valueMac":{"type":"Buffer","data":"vL1KTdxELm1/Qj3yGKfsr1bEdZlsZzHHlA7GnDbnb40="}},"70NKB6QZ2/AD6Cy4Vto+Xa4bpJlF9H88UROWcVi69HU=":{"valueMac":{"type":"Buffer","data":"3V8A7YCpvh+F8fLzIU6Tz2RaEFCm/fluKKT5SWJlalU="}},"71ldv8OM0Aqy+BswWpmpt4ghr0nsInvPk1J0x7Vkpl0=":{"valueMac":{"type":"Buffer","data":"gSwSxrYAc4TXixq88Nn028SgSQTrHcgu66lI8EfYXTc="}},"72fGTrMrEOPxOwIfZJCfxefEo8Qf8JtqvHbU1ART8E4=":{"valueMac":{"type":"Buffer","data":"MWUMqPVpLG4m4P9Wv7y+1snsQP7h5ZOHAoX4mwYL0CY="}},"74aOGFnsxl1dVrspedUfomPzDy1zfpcmrB2IN9mZqwo=":{"valueMac":{"type":"Buffer","data":"JpJSJBJYT/7ywN0FtUh7nTtSQjoSAk9RtyzNpCHMMtQ="}},"8DdLOyTdcx9P5w1o3yqQWUJUuzq/+jNwHxwxzs5e38g=":{"valueMac":{"type":"Buffer","data":"rJT5nnz1QPtQRpwmhceaZiljXxALBMYeTXU9Afa7Ic0="}},"8EgSk4fayC4I5Eani5EYXCDKWiBvd31OTyiDo33an9g=":{"valueMac":{"type":"Buffer","data":"vZX4qhF7JxlbzV0TU2rmyNE9/zZkddihWdMD6ReHnTc="}},"8Ej2tfS8Qh/OIjgJX8D6kRAjmi9siMYarH3Up7ftk+k=":{"valueMac":{"type":"Buffer","data":"c5D9Zkx08bo8offYjU6DOdbO0fVclwqg8banB02Q6Ps="}},"8FqezhDLZ9R3cUBOApp1EOz8h8D3G93/B+JK/Hcz29M=":{"valueMac":{"type":"Buffer","data":"cTDnyV0Eo5c795muni5m0K2va94+vUvEx0hqx5okqTY="}},"8GqS6xd0pIx7gTaes1+6uriYvsUa1LJHSvEiqONfRCg=":{"valueMac":{"type":"Buffer","data":"JV8ItdCTeuZsvr+Wug9DkOGbzw1pPouHcPaasE3wjR4="}},"8Jqcny04qexwv74BqVrdCVvKte4FwpY3QB7qQQK6QKM=":{"valueMac":{"type":"Buffer","data":"fEoX0ZzbGKZP/CgVMc5VyQCzme3qV9VOcxsI2w9xh8o="}},"8PkLo00dxh9l9/mXx/gPFvgkJiYwbcnz6zJWZIrhaLY=":{"valueMac":{"type":"Buffer","data":"W2aLbfqIQdxua5gwsictkcaQG0OqpfMwLJVoSCh6HkE="}},"8P60mlKygIBfbqMcvJSejz7wCGXKn2plDrCgfIqz20E=":{"valueMac":{"type":"Buffer","data":"vfYASOgzSG/kUH+iW5nh29aHNaubWcHNHeljReeZ5qY="}},"8bV+/hg1R3Yn4qj3ng4zUlGNcapPVCdNcT6N4PAfnco=":{"valueMac":{"type":"Buffer","data":"SAQzu9ObTAWPQU15kMLQe0m6kJWp1frothcBhbFR1S8="}},"8bcDZvoDof3j2ZJccqop4S2ibxqCVGAwiVLikyzFbis=":{"valueMac":{"type":"Buffer","data":"cSPGajjZgCxgDJLOC2ZyiadqtvQPDiVH4MYmPrIohKs="}},"8g5rdCEG2gpAPmMhgfX5vFv38to5oR6czFOCCa69mKw=":{"valueMac":{"type":"Buffer","data":"50i9W+uupE1eK2rNlTQb/WRthVZ0sNQGW06DqzOHZls="}},"8oR4lv4X913KqxzJGAMxDThxlCiwU6relkGOXKZifJM=":{"valueMac":{"type":"Buffer","data":"zInct9W/OEzWvR9MfZNczDJpDfmNWqkhPM0kmwmznJw="}},"8vz9AcdvSfMRmAxThHE7CU6pDwBWLYi8KpQu7VQKQqI=":{"valueMac":{"type":"Buffer","data":"YogRUfuZUFnKWY31K09F0596c46RObfiY+C6YCJjS6g="}},"8v/HpMDXMWcCDqorYWzcgE+P1POHTOBaRZiNsJQgjDs=":{"valueMac":{"type":"Buffer","data":"dGvL5l8CJDW629pxhS+nCnziSuXo7Uh35/iy1MI+PfQ="}},"8wUw1xbJN58lfzyNkY3nVrw+Oi7aHLCn5+toYfKMoRk=":{"valueMac":{"type":"Buffer","data":"nNtd56r910yQAwIE3C48Lnq+6H/iVSF62DEolq4174U="}},"86zkY2HtR659E1WbGwBkyhnZ1RaS40wLAfeaJmelyrM=":{"valueMac":{"type":"Buffer","data":"HW+GCbggBu7f6iKZOQWmtTvvNo8bSdyjM+x9O1wRYVQ="}},"9OxbxKBkIcpg7SnHIp+0bRbteuzK7qVCFKgLWAdU+20=":{"valueMac":{"type":"Buffer","data":"x1GLpyjGaC/85W/aQcyHvg3PqU9TZiusjcQlVOgqUo8="}},"9RCkKHychZROwKCK+9Otau0fbteXBpLOly/pgEquq/A=":{"valueMac":{"type":"Buffer","data":"52yKKVjLmUHTh3PWSqu6Ssq/QPdaSROnieGQl1Fu8cI="}},"9RH2WjzQC/unR2V6z1DsegFmxQ3eZfD8s87YX+NUeWw=":{"valueMac":{"type":"Buffer","data":"FnZXFmTUqOZymFmZAyzOcmseYKGAzbFACsZ1eb48PDg="}},"9TP9/q3M3ME+f1zYpix7K5SZb4QU++mUVH5Q1ZJqVXU=":{"valueMac":{"type":"Buffer","data":"mJP6I51UyJ4uzrNrI5RV5rrH/zmxCy0k+cCFHhBKGiU="}},"9X7pkYofuzDmglYJg4g9pBir7xVW3LFxhK7xzpFuc94=":{"valueMac":{"type":"Buffer","data":"2BxtfndcCHmwVnBJw3ee8XifxFQWD6uzsUmhh4/SMTA="}},"9coGuAs66Y7UomvxWakLhcrONo3G/MYg6eSK3ivVsDs=":{"valueMac":{"type":"Buffer","data":"QdMRWGddbKLqxaeovtyQtnv7c5Mcc5zdPFWfcTb1LNo="}},"9j9/kQHsCV0relwX7GnakV93SXG9bRsnFbsXjqhFAOc=":{"valueMac":{"type":"Buffer","data":"7HYp9BrHpOrK7UyAc2HlpA1CgyFxP3MBG7fMzoemRDw="}},"9tV4cvPM8VWP3n/8UVXWgpCSl68qeptU8XDdsawU2Uo=":{"valueMac":{"type":"Buffer","data":"rMTIzvrX8ldFEDKnaTVy67P7QZdmQhAEqFQAg5zLYHE="}},"9012qq2utNHVchcUd1hycUpDQTGdAdfkKou+m7RlfXM=":{"valueMac":{"type":"Buffer","data":"QtB823pg0MlQy2tAsGVjRUcAefB3X9QCuAJLy6Rqyxo="}},"91UhbGbbg+niEyp+GVMT3VpBwKQQp3E9FpVgKIqF7+Q=":{"valueMac":{"type":"Buffer","data":"1h1LWBpdWzm/jD8K3lZiaKtlfq+ZsjuWbKYiCyh2ow0="}},"92JvVKEOUKmXenh7FjiE3yzB/DrA9kl93Ye13vjKjIU=":{"valueMac":{"type":"Buffer","data":"JANtbEyntl8Is1uUdmKtjr5i1ekcsjhIx3FWsJy6NPM="}},"94HxJKZ0Y0lpcNmRvhVfjoTcINin9JB8u3e11Ha5hBA=":{"valueMac":{"type":"Buffer","data":"uB2d1pOrvUEEy2G7bZyB3fUHndadOMoc3SVfzR03nzw="}},"+KPgHDbFwnqlumHkOQJ9w8vy6XypW/eIPtuHu1UOZoI=":{"valueMac":{"type":"Buffer","data":"Vnj0JAGE+JNRvUaAq+FgWHWQsuZVtKa0ey1kK7m0N7I="}},"+V0ZHSvXvo0VL6G/hmZ5q6kilPpsn3Ldb7zI57EHHQ8=":{"valueMac":{"type":"Buffer","data":"JlwmmE+VP5r4yciFnbZgtvEMaQ78utCSwapJP9rkSl0="}},"+gSgHUvtF/NigAmiE1b/tu5Gvj2CHVMBwopL4+vkAVc=":{"valueMac":{"type":"Buffer","data":"yFBTIjqZA76Q5bFz6vyYfDKZG0fGgx3CaMrZKUf3oEQ="}},"+g+pqQGhoFhVjUCSeIPnTsIioUR9OQvV/DQ8x3jZczU=":{"valueMac":{"type":"Buffer","data":"nWrRO7i1MV/hUcwPr6Oxu6Ihpaa9nWtFeq2lIQ75H5g="}},"+zURAD8MxwCnCTL5HumTBqBMWOTkTeeshSuAQ6sEipY=":{"valueMac":{"type":"Buffer","data":"1m6bvXLFWwDWFbxsiX57EfnLR1jSDhlblUBXTSr+Q5M="}},"+23BavcWAfek0RcX/b3eAKDoQwJBO/h+VkT7VZ2Qbx4=":{"valueMac":{"type":"Buffer","data":"GeyybqryqhMkkyyssmiG6Uf0l11Ud0icr1rUjHWiQo0="}},"+9uJomr8PKwQlR5O7VFDuLxkDKpFyozSbMPcWlM0dJ0=":{"valueMac":{"type":"Buffer","data":"8mNJJmU2WhHtC7XnJBxBWz7NnDHANgARQHQplZ4WHTI="}},"/V7fDzVZtb1ngzW1Y/KjhoJdhOed8zs1WJqKpJKTUW8=":{"valueMac":{"type":"Buffer","data":"WdH3ZuswsuUPi+XkqJDRVUkPP/WCRB7SSOol+LOkASw="}},"/tS4hHK0r9MNDGg2MbJGUdkCAnP87bhIeF3sjSgskDE=":{"valueMac":{"type":"Buffer","data":"gaun5Qlk6MIJcYWGQnJUN9PjGEnGlf6tHbwlgOoiKXw="}},"/t0jw3gutyvZo9utxGCpdtQB2/o13ge3mue+LnGB3m4=":{"valueMac":{"type":"Buffer","data":"AzrCGQJ0fXkX5bUAtNDVstdVgzkqizGFYhyZ55HPF74="}},"/vwhSJHN7VX9uTi+N0xXFXTKR03gStV2CsmjOStuHTI=":{"valueMac":{"type":"Buffer","data":"uU5/FLDwotEjmpenEjzwDHdkwALav/CmqNUQWkh9RCI="}},"/yDdO64qRXQ9SnR4ah6AbR9MEXDAIeFRHNAy+YtmSfE=":{"valueMac":{"type":"Buffer","data":"DSC9E2nWC556ttwEsLhsiyI/9gsbRCw5Qrj/E7tTrCM="}},"/1GDNnyE/D7l/kjwIKg+mN7l++yvtGXp/T7C/zEfHfk=":{"valueMac":{"type":"Buffer","data":"hb/wyEXEKbOpXoU2yQuvTnqs2boGljQWT5IgsuLTqsc="}},"4dp0aJNhyJ2MH/0xNXRxZKjtmzUBDwn4KBQrYUoDDD4=":{"valueMac":{"type":"Buffer","data":"7oQTv6QkFae0RalWnZhBefxtQSe1Ul/gz3atZSbbHQo="}},"Wex6z+x2BTTpJ3rfXLRk7b6BBTBImh9krrXpgJpTFvo=":{"valueMac":{"type":"Buffer","data":"Wl9o9BQHmQsMPTD7ynoD6ZQv2MwC/dwOizw0orVxdo8="}},"R6rA4R3NU/JOIKAZEuM30BGgCtRX+gPAHcMGcQB+BJI=":{"valueMac":{"type":"Buffer","data":"xJKjnGsk+gKQmZWXlPiocKCnMF5pTUyc81uM8Y2Z+Ss="}},"eVZ2yk5y5NKLWScAT03mqY6DVH+66knMvbeCJmHzIpI=":{"valueMac":{"type":"Buffer","data":"kljsM7zga4H7yZkTExeLJiYspm58rrswO5Lo4uZw+dY="}},"5qHpDgrJumXm4LTG8xffP5X5SlkEWeLsTgm9zY4RlmA=":{"valueMac":{"type":"Buffer","data":"y7MXvB3owsGVDwWuiWMMzejdZ7XWdkRgWtTDkvA8XKs="}},"XAGfJR1GKSSHQpFIUR/SUEu/rAqxOItnj7lLEmGE5Yg=":{"valueMac":{"type":"Buffer","data":"POZ+/AcGa9RW3debvLWh7ZJASUK/Su4S4O/XNmF0PII="}}}}