{"version":21,"hash":{"type":"Buffer","data":"cZRbrkVX+Z7ntgcPhp90hwGlQ1CJpTnwy1X/s9e1xcCcXv8VLmWmiYQOG36WH/AKgbYq5MRfNwB7/nk+v0SDK9ZaNzx2zma23pM2KHdjFruHPyhjG/vo7v0dQkh3SNf2hvYXnSSQ7S2reNymTXhclregLlCNX1Z6oHqT4AT9Hg8="},"indexValueMap":{"3jUt1fpF7weqrM4pAapYJ+6hArfZOOz+C4Vg7MkLLQQ=":{"valueMac":{"type":"Buffer","data":"DTjidpCJUqh24Qok4ut8wKhyRdxfk4UVDfSilGB8zuc="}},"+1dQmzlgNzF4UT21ZArdmwYvCURkH66vYQxtFmtrZyc=":{"valueMac":{"type":"Buffer","data":"qXwHhxNDVTUhkE9k4xd1AwocvMlW+0dBMrdXfJ1jnzE="}},"TnOdqYN+aff0vsYtltLnZ1IxIm59Og1rRApZJuf+TDY=":{"valueMac":{"type":"Buffer","data":"ZeOk8kPGz/hBF8t9niV5UG4Ok3kqkwCNQ38w8zfGnlw="}},"hbZ2xJhmou7JfL1NaBZ1UEcv3g85GGihhiH7q/P2efo=":{"valueMac":{"type":"Buffer","data":"in2IOWjWqeSCd9xjEaDx/YOY7iL94Vvw1XDdZa2iN3Y="}},"mHPNwe+BE5siN2Htj41iLjJ7XyJXoBZK7I8WN+DW8fc=":{"valueMac":{"type":"Buffer","data":"fLP/fhSVjEptMJHj8HB0VW0azWOITCSuQUWBUVr7P9Y="}},"Waa7qLcPpKghoZNPGsfsccdT5/Hk1SfRM9kqccDtDGs=":{"valueMac":{"type":"Buffer","data":"zb21SsaJy18AsVjOW2Ji5dxe58CvVcIm/afSbhOgePQ="}},"Se6q/B1l/u3adH6amFwkz1DP7JLWTsPB2CoGkbT3EMs=":{"valueMac":{"type":"Buffer","data":"sK114Dn8JWy6anBAjLitYpTRmN7S6byxUnoLyDjf72k="}},"cgoHcvLvqHwkqhqxEglAH3b9ej5fJ8GbG/a/ALyZrlk=":{"valueMac":{"type":"Buffer","data":"D88iZeOZnwtIXAuTYr4m4tdgZVbd7lxwvdZ6N/3YYkY="}},"a90I8vce0B1zzy3IuZHJVV/80L3wA9eMWNxecdw9B0I=":{"valueMac":{"type":"Buffer","data":"xJ7aD5UArFC1PMe0HL34UMsfAAZ+W2Xgg6tHnD3Agy8="}}}}