{"version":24,"hash":{"type":"Buffer","data":"0WXyObaeSCXCsAr37E4r9XowM2oecdFu+bmhQ9ChfqvS9BubH/CjyL5UhQAxpbH4e88U8yVVOAmDCduEfvj5lvm2Ww/UzoVAYDXADS7+GxUe/wRRWf4X7JvsfcVGSxDWyoMUOeLcZGvbwsGKq1SxTsWw2hI/F5Gq2bI7dtFlUE8="},"indexValueMap":{"CACjb5brHmnFiKZgKomk7ZD8EUtiY4ox8BKNby6v/D0=":{"valueMac":{"type":"Buffer","data":"669RP8JtTAyAbXAyAVm/Fc7zLxcHDcfgRhTUAfxRWvc="}},"O9C8w0Snxz42xAf68nmnq8RbUtHBPi+h0nnTDeHQtIU=":{"valueMac":{"type":"Buffer","data":"v4wyrQy+9SK6Q3k0gPB6JYptywd1TMkL+aOBWwYHAgg="}},"Q5/fvNIAs7zRTRqiqYTAwJ2K12UYny1LB2fRZIzWIsY=":{"valueMac":{"type":"Buffer","data":"NhQqv7xFGmbeR0Y0xZF4bgCcqHlVYyivaN7gHv0H/FE="}},"VYbZnX6T19dYEvysQPF+Uzv+CBccZFRiD+VavFieSng=":{"valueMac":{"type":"Buffer","data":"fVwWOGvQ2oHYaoAvesfcdj+2cRMo9TcVp5YlAbqItmg="}},"XU3fM8+b2FgEru/a+2TKEosPxmdpZtCwbT/1GPH61S4=":{"valueMac":{"type":"Buffer","data":"e4tVecsV6qDCEVxoyPbUK6gfTAmf/p2te1go3gzk/hU="}},"YoolmxxEadQvuRXdvgF0GLYCVfrEcEn5+pbiT26JOsA=":{"valueMac":{"type":"Buffer","data":"fhc8JtqKxmdoUyx8tFlIN3+tEXepZJYQtvZlwU7ULU0="}},"ZwEgMMz9zKWLXxpLFRzOyu6UqZbm7saa5POrBcVXzdQ=":{"valueMac":{"type":"Buffer","data":"L88Q0Opv91EMubF2YDx2hEAdvCdReMkY4E2GzXOYX3w="}},"itHNO923+yWPgf/pfxZopOo/YoV696I3+W5bdmjBgS4=":{"valueMac":{"type":"Buffer","data":"uVuoxFMTRnKVoyb4lBwUcwGxEGkDbsmQCOmjghhw3eY="}},"kxa34WhZJFIAjNqfADyEMBhLNz9Y4nWVRpu3pjo2nUM=":{"valueMac":{"type":"Buffer","data":"EeRUUEgPLCBZBSwhPkYTwhdqw0wK7SAGc56nhHtkqoo="}},"k0KOIBy9Es4Cud/Nd4x7kMFxIIDn4rwaUJcEI3lTPtE=":{"valueMac":{"type":"Buffer","data":"diWE+tDJGdQK8JM8PaX9C9eYZon4G9QKOGJ8qSZ6aOg="}},"lOn6quB6HnSow+qk8OdzBadl5ZtT/9c9a27cKIhbOPc=":{"valueMac":{"type":"Buffer","data":"oLxattucGGgQf5u0eCd83oVb7hJLEy+lYSlGyXDux5k="}},"nBnG48VASs59hLW93p4F0EIZXVaSEvmSJvcm/pt1CH0=":{"valueMac":{"type":"Buffer","data":"5J8SkqHwDQBj+EqQQSZoE6d4Izct901Fkt+iXZsBI+4="}},"t1FX0WLobgpgiYNe0CiSdM5xkQhjaZeJEnu1Sn5dPp4=":{"valueMac":{"type":"Buffer","data":"YeKHGNymv6rxmshxUOHCdDEC1U4X6p2h6pWEpiRns3s="}},"ydGdZCL+/WFh096Jls3oc1hMQ1/sR6y/sPT5EArECb0=":{"valueMac":{"type":"Buffer","data":"sRuT1wTAR9tGz9I2+jEdeji6uE/8Xmar7RN755wBWzA="}},"zTDSvs9NVBYlDggJWPQ23p0rsgbww1LJuiovD5g+njo=":{"valueMac":{"type":"Buffer","data":"J1e+biLjMmgvcSzFst7g9/V9fRjANJ3TcJM836/svzI="}},"0EajzB/VELMJVqsJq5rjCZSmadVEhC2TIZjV3pJOD5c=":{"valueMac":{"type":"Buffer","data":"BpHyZNDufKqq2pZTtyFl1UqNk1BbffXvcJ6081j5sG8="}},"2JS3YGs5fCA2SeFnBVvATqbZuvHorYswagrX2jeR2r8=":{"valueMac":{"type":"Buffer","data":"/FrQXEx4Z6KNIr+8z0wLlq0l2JPsn4PAxwKZEA92BSA="}},"6/9um9V0qRowWGA+FORxubu8dDbQ4/ykt+eKsYszSWY=":{"valueMac":{"type":"Buffer","data":"4sS3jgnselmvPA/ugU6X/XEuxgjEzHIC3a3hSxxTYuw="}},"7Stp232oXfnxNUkPoH8+5wH0Lp27qi1c8aNK3lxn7DE=":{"valueMac":{"type":"Buffer","data":"0EYzu/sayOOMSKU5FYrJ2L67tv5kz3tKSqUIjXxUMaY="}},"0/1H6a2mpC8bAPnfGCnraMwGt6IT8A7sZSMYJS8SiMA=":{"valueMac":{"type":"Buffer","data":"hjAaQkMhI4ZEZn4l9LNgGJpdod6PS9IrrwQLBnprqcw="}},"gJaMJp2QhX0p8V7wrGB7in7m8oQw6tYXbicnwxu6Br4=":{"valueMac":{"type":"Buffer","data":"MOsScwUXh7gfm2nV1I0AqBqbVxCp+xJZsySbAvZvUQk="}},"Q0njljloybaesetST6NNA8vcqlSha+XNh2Vsy9HZWfo=":{"valueMac":{"type":"Buffer","data":"jDgy2eHzga3ESoAyL4IcMuFBvtgLlkBGFyAfai5cME0="}},"Cb1EAzmertEqqiYqg8eT/pRrUeaT7sBsYJQeVPu4ork=":{"valueMac":{"type":"Buffer","data":"T54ZdBBV+feuIBCP94dchi8f/mF1BxxTQ7+pABB2c7w="}}}}