{"noiseKey":{"private":{"type":"Buffer","data":"cPBmITnRU8fWCChdJs+NIG6SGdmkisOstho11fUrIUc="},"public":{"type":"Buffer","data":"lrtH3nAedbBj/c2mcQXDtL56LdgGm87gXXHMgIM81m8="}},"pairingEphemeralKeyPair":{"private":{"type":"Buffer","data":"KDpXqZ2h4zFDnGGYZdQK7HG53Uiw7CpPLf0LmmAJCUA="},"public":{"type":"Buffer","data":"iTFE+DvTIt8Z5qEkhZhJ7zOYPMnJn5/JG/1EO56b9GY="}},"signedIdentityKey":{"private":{"type":"Buffer","data":"cMd+nAc8GY/LCWzDNplmqAuPdLQGaKi6YLIMrHE4JF4="},"public":{"type":"Buffer","data":"4WQgiywSm3erft9WllyUvBS17+Du4e0+LptzqrhC8g4="}},"signedPreKey":{"keyPair":{"private":{"type":"Buffer","data":"aNxK/H1s5b1G0Od4R6bUgUOPS0OR2lW0bkqTayVbiFM="},"public":{"type":"Buffer","data":"k3BLYjgJpA5kL9HfTJmHoGS6VhEA3YABYOLJKcJrD3A="}},"signature":{"type":"Buffer","data":"W6bQnm+EYmeDCceHJuiS9t89qrlgAJXA350OafZ+Oxmk3/M8IZTVKQPwom3QsHhGJzo6kFt/hsGmUklLHTELDg=="},"keyId":1},"registrationId":132,"advSecretKey":"Y93lyMqALoIUPAMx6XmyjzNSZEoqbB1YKn0c3+VonvQ=","processedHistoryMessages":[{"key":{"remoteJid":"919767848885@s.whatsapp.net","fromMe":true,"id":"4836CEC79CED7019B1F17A2FE66BCC0C"},"messageTimestamp":1742659305},{"key":{"remoteJid":"919767848885@s.whatsapp.net","fromMe":true,"id":"B1CBE5680C146396965C5FAFB1DA8873"},"messageTimestamp":1742659305},{"key":{"remoteJid":"919767848885@s.whatsapp.net","fromMe":true,"id":"0091BD818C0A650243F4977E1C0ECE64"},"messageTimestamp":1742659328},{"key":{"remoteJid":"919767848885@s.whatsapp.net","fromMe":true,"id":"56F7A29F2AD77FC9400E90A92734D50A"},"messageTimestamp":1742659337},{"key":{"remoteJid":"919767848885@s.whatsapp.net","fromMe":true,"id":"51E7BE8B83D772CD528924C5680989A2"},"messageTimestamp":1742659345},{"key":{"remoteJid":"919767848885@s.whatsapp.net","fromMe":true,"id":"16FF4755546064F6BA9884D6F6AF9B5B"},"messageTimestamp":1742659346}],"nextPreKeyId":31,"firstUnuploadedPreKeyId":31,"accountSyncCounter":1,"accountSettings":{"unarchiveChats":false},"registered":false,"account":{"details":"CILF4/cDEOK9+74GGAYgACgA","accountSignatureKey":"RSfjaSTir8b61tDrn6dSaTxZT5W6mSXdWWLN9oynZ0U=","accountSignature":"ONA6To0TXHTRNuisRNqZ9lJJ12+x9Fn3upw3c0yQxv9FaqAs++4y8NcSSeZJx1oxkkWqk/VbLvomaWjpFaGLBw==","deviceSignature":"fqKFERts4ba6XyAiV2qXwW18/mIh1cfFELTMDZ5jAABXNtmiT9KYd2/5Ww1+XI8iGK66m2ISqwUC1oD2UxUNAw=="},"me":{"id":"919767848885:29@s.whatsapp.net","lid":"164596065275960:29@lid","name":"surajraut596"},"signalIdentities":[{"identifier":{"name":"919767848885:29@s.whatsapp.net","deviceId":0},"identifierKey":{"type":"Buffer","data":"BUUn42kk4q/G+tbQ65+nUmk8WU+Vupkl3VlizfaMp2dF"}}],"platform":"android","routingInfo":{"type":"Buffer","data":"CAgIAg=="},"lastAccountSyncTimestamp":1742659300,"lastPropHash":"C4fJN","myAppStateKeyId":"AAAAAGHJ"}