{"_sessions":{"BUHAH+yAdopVvRptrDjNW1W3IDp+PT9YBzDqQFvgkW11":{"registrationId":1443817950,"currentRatchet":{"ephemeralKeyPair":{"pubKey":"BfTFOXx2xDu2RRgZH/GfoThJ84PNlqHmTxrVmoiqNLEa","privKey":"OKOoBySasZBPhiAu1iDOm1ShuCniDfSRTCxemomJsl0="},"lastRemoteEphemeralKey":"BcDTQrK8En55EfhusQRjtCWCge2oQVzOSFBhoZUkP6ES","previousCounter":0,"rootKey":"YOSjYH+xQFbnm5UZSqKb+Ug5yX6eUzOpJGtKZGqrwYE="},"indexInfo":{"baseKey":"BUHAH+yAdopVvRptrDjNW1W3IDp+PT9YBzDqQFvgkW11","baseKeyType":1,"closed":-1,"used":1742659392625,"created":1742659392625,"remoteIdentityKey":"BX0NIR+xN3qZ+O6d34TX/MKK4AXGRK57b9QSsk087S0W"},"_chains":{"BfTFOXx2xDu2RRgZH/GfoThJ84PNlqHmTxrVmoiqNLEa":{"chainKey":{"counter":0,"key":"juGcOU6JgUnH85QC76X1PqPFt41w/+y3WcCQzRELDQE="},"chainType":1,"messageKeys":{}}},"pendingPreKey":{"signedKeyId":9,"baseKey":"BUHAH+yAdopVvRptrDjNW1W3IDp+PT9YBzDqQFvgkW11","preKeyId":4167}}},"version":"v1"}