{"_sessions":{"BQAxlJCeYpKrThzwIlfTqhFCJjqRH9zYSmTQZ+ZCEiov":{"registrationId":989397836,"currentRatchet":{"ephemeralKeyPair":{"pubKey":"BQmKN6MW7UZURtDxDk1qsIQ0RVnUob2ntUqHx/i1js1S","privKey":"oJ7qO0H9eAYvTMKvFNCz9dwQiS/7optdyOJfm9vUF0Q="},"lastRemoteEphemeralKey":"BS/wOj+H1BSCvJRodi/jOkhw2DLVbAEYK+xZZX6zMoFl","previousCounter":0,"rootKey":"2cgQzzOZDJtJWrBGk++B06N5RL49H/iTVigwBlEjK5Y="},"indexInfo":{"baseKey":"BQAxlJCeYpKrThzwIlfTqhFCJjqRH9zYSmTQZ+ZCEiov","baseKeyType":2,"closed":-1,"used":1742659637174,"created":1742659637174,"remoteIdentityKey":"BeRA9BnxS4W+aU9jo613LUXkLWHT4iOBg8f2RJZN2VQx"},"_chains":{"BS/wOj+H1BSCvJRodi/jOkhw2DLVbAEYK+xZZX6zMoFl":{"chainKey":{"counter":0,"key":"ac2wuJb+ETJbc3ODXu1oHt4xcX4apYKcgZHS9P/U7bE="},"chainType":2,"messageKeys":{}},"BQmKN6MW7UZURtDxDk1qsIQ0RVnUob2ntUqHx/i1js1S":{"chainKey":{"counter":-1,"key":"rjZpXzDi/53ZAXE5DbRR2CAgMgEf6dnja+3eXnye3k0="},"chainType":1,"messageKeys":{}}}}},"version":"v1"}