{"_sessions":{"BTfAPM59XFobaWVPOl+6RokneCVhwDtdRnY4LmrBVjkb":{"registrationId":300179968,"currentRatchet":{"ephemeralKeyPair":{"pubKey":"BXmfL8G4MWttMPCtFw/nYp+sPFu/q/rn7TLT9XJs4sQt","privKey":"KMRpZ52iBArEEnm2PzIyCYR7ClvnbXquw/uiuSRNSFE="},"lastRemoteEphemeralKey":"BbQ106Y/bd5Y+0UnY4aLPMwvSU9qn15YCuhYQBSbAIha","previousCounter":0,"rootKey":"sUD1s+6s07lmoE94fFpuebTWBcX1HemgLkUWE7AyQcE="},"indexInfo":{"baseKey":"BTfAPM59XFobaWVPOl+6RokneCVhwDtdRnY4LmrBVjkb","baseKeyType":2,"closed":-1,"used":1742659923847,"created":1742659923847,"remoteIdentityKey":"BcNsPRpO6d7DPvieWZi25W303VXHxK4/82taGJmbQG5C"},"_chains":{"BbQ106Y/bd5Y+0UnY4aLPMwvSU9qn15YCuhYQBSbAIha":{"chainKey":{"counter":0,"key":"1VIi1F9p7Hija8/vSP7X5LkXiSUOMbrqPUB30sXwG4Q="},"chainType":2,"messageKeys":{}},"BXmfL8G4MWttMPCtFw/nYp+sPFu/q/rn7TLT9XJs4sQt":{"chainKey":{"counter":-1,"key":"OVLIrA10+OKxTLmkd7OFHx7k4LO/3brUeJR5OeAyP6c="},"chainType":1,"messageKeys":{}}}}},"version":"v1"}