{"_sessions":{"Bb7K52dI2jbzoxDln77xvLn88AKNOWPTzw35eAsaC39A":{"registrationId":1735544181,"currentRatchet":{"ephemeralKeyPair":{"pubKey":"BaR0s1EPv2un8/5tFsPTeyGFzQ/H+jt51AKeqiL8c+pc","privKey":"yDHJCA2x9JXiXq7yoxL0u3lFLqeTNt21Q/tOgOBCpm4="},"lastRemoteEphemeralKey":"BbgyjxFEvh9Pn20o4ikXh+OUQajg31ojH/jix+E5UaU6","previousCounter":0,"rootKey":"tyGmHvnUfS9CDXDPFXiH9jzPCYTWETggZP90vf3uPZA="},"indexInfo":{"baseKey":"Bb7K52dI2jbzoxDln77xvLn88AKNOWPTzw35eAsaC39A","baseKeyType":1,"closed":-1,"used":1742659392626,"created":1742659392626,"remoteIdentityKey":"BTdbsBkoyYOtyxSaxuVCPi4WxKA11imjxEkbPTlsg/5W"},"_chains":{"BaR0s1EPv2un8/5tFsPTeyGFzQ/H+jt51AKeqiL8c+pc":{"chainKey":{"counter":0,"key":"x8Z54APTFMjsSGPQqnaVnUJiLYNzjVPC8NXdaWpRWoo="},"chainType":1,"messageKeys":{}}},"pendingPreKey":{"signedKeyId":3,"baseKey":"Bb7K52dI2jbzoxDln77xvLn88AKNOWPTzw35eAsaC39A","preKeyId":542113}}},"version":"v1"}