{"_sessions":{"BRx+0xuwuTpqyb08P++NFrSafTwUdQeR+foFbd59grpc":{"registrationId":5553547,"currentRatchet":{"ephemeralKeyPair":{"pubKey":"BesGDYwQjZePaE8qFye7pv3jpFqzwO3vC2MLvvaNHWgg","privKey":"uKUFLpU7kkqjJlKwk53A+jqfbNgAxgmsCF8jmVZWeU8="},"lastRemoteEphemeralKey":"BRemp6WyM/p6sQWEg8i/UA17OycDdUVmcGDhfB65QRpb","previousCounter":0,"rootKey":"806LYEy+pP39Di+Yq007pBmm2dxAwHK9P21CvYvBX7M="},"indexInfo":{"baseKey":"BRx+0xuwuTpqyb08P++NFrSafTwUdQeR+foFbd59grpc","baseKeyType":2,"closed":-1,"used":1742659301860,"created":1742659301860,"remoteIdentityKey":"BUUn42kk4q/G+tbQ65+nUmk8WU+Vupkl3VlizfaMp2dF"},"_chains":{"BRemp6WyM/p6sQWEg8i/UA17OycDdUVmcGDhfB65QRpb":{"chainKey":{"counter":9,"key":"k4T5RCBWttpY6VmGDpJslty4gUuDQEU+u7MTF1mZcf8="},"chainType":2,"messageKeys":{}},"BesGDYwQjZePaE8qFye7pv3jpFqzwO3vC2MLvvaNHWgg":{"chainKey":{"counter":0,"key":"LfT3HzuPzFgO9rSTyzLGP3BnBmTsYxUJ5zRdfS+NB0A="},"chainType":1,"messageKeys":{}}}}},"version":"v1"}