{"_sessions":{"BZ4gMaTRhTAp+T2V7LrPGjbDsWm7f1VWVISGP8fpUYQF":{"registrationId":182103568,"currentRatchet":{"ephemeralKeyPair":{"pubKey":"BRnsDrJ3zra3t3lBCtk668H3SWTuZqXrZ2VYuXJzAyES","privKey":"MLUw9fqf6g8ge7XXF7w/xw+P1VmI8Uh8HReOOfD0/UA="},"lastRemoteEphemeralKey":"BTHx2B7E62t6kDGrHpnIFgGAQH7jPMelBN1Teyj/fesV","previousCounter":0,"rootKey":"UsYPNRCF9280k4CQOj4rURzVTOTSBt7p8Cd3jk+bzhI="},"indexInfo":{"baseKey":"BZ4gMaTRhTAp+T2V7LrPGjbDsWm7f1VWVISGP8fpUYQF","baseKeyType":2,"closed":-1,"used":1742659858872,"created":1742659858872,"remoteIdentityKey":"Bc3zidJDcEd5/ZUecm/69+GL3MzhqjI5iCP+SNY0XSk0"},"_chains":{"BTHx2B7E62t6kDGrHpnIFgGAQH7jPMelBN1Teyj/fesV":{"chainKey":{"counter":0,"key":"CJr0XU1QfXfD13w8PeJSDlDJcQGXMK3UO8yLnry5oCA="},"chainType":2,"messageKeys":{}},"BRnsDrJ3zra3t3lBCtk668H3SWTuZqXrZ2VYuXJzAyES":{"chainKey":{"counter":-1,"key":"tX9EjKWHmWC4stJgZ8RHHM46QKoCEbQmoFZ3zBmUGJs="},"chainType":1,"messageKeys":{}}}}},"version":"v1"}