{"_sessions":{"BatXlIhztTcJlxPAMl4S6CqsnGWsgNNMRnPJ5ibhNhUM":{"registrationId":474136727,"currentRatchet":{"ephemeralKeyPair":{"pubKey":"BWx1eEOnPP7Lk3H4JkWDYT1hBMUAsCxBjtIKsDdq0rpJ","privKey":"QLu58EW+UYJEfrDbQXYpcDiFyzcBNKBPWbc1Jnn9HGA="},"lastRemoteEphemeralKey":"BRxmnXCeZ9/tvL8JW2u1rY/rHGUai9V/Ig6KnXOq5eUm","previousCounter":0,"rootKey":"FYn+8Mk2bfEtMp3UIigLDXGMr+sB1gh/KzVBf8NaQIk="},"indexInfo":{"baseKey":"BatXlIhztTcJlxPAMl4S6CqsnGWsgNNMRnPJ5ibhNhUM","baseKeyType":2,"closed":-1,"used":1742659736782,"created":1742659736782,"remoteIdentityKey":"BREBmWEo+lApY9aKiFxsj91l/pE7DpbBL6fqHNIviGZm"},"_chains":{"BRxmnXCeZ9/tvL8JW2u1rY/rHGUai9V/Ig6KnXOq5eUm":{"chainKey":{"counter":0,"key":"G0MStp3pLVWS8xe6LCg+jSrwfNhPwFbQ/qnoSj/e4CA="},"chainType":2,"messageKeys":{}},"BWx1eEOnPP7Lk3H4JkWDYT1hBMUAsCxBjtIKsDdq0rpJ":{"chainKey":{"counter":-1,"key":"c3ivL1oE7+TXnE/zfaXiPPFqABxmGsG86gAnqYzAvIo="},"chainType":1,"messageKeys":{}}}}},"version":"v1"}