{"_sessions":{"BQLJdvz/kQREY2SboLCsbpK2O1oPztsM0Uo+9HUzw0lL":{"registrationId":625017741,"currentRatchet":{"ephemeralKeyPair":{"pubKey":"BTTbIeQu3tp0hiz55AkcxWZmlsTnTIUjmoStdQqX3TFg","privKey":"wEs9yQYviIoSBWDjQcC/rmEw8RL4F+AbZG3bydmOAXQ="},"lastRemoteEphemeralKey":"BZJRpIgaUN0u0O08Aoysny5eiEcBlXw53xr9FeYqq8F3","previousCounter":0,"rootKey":"4thv4k+j9tNyroPKfNvMBu/G0u5RFbL48TpV5BsqTE8="},"indexInfo":{"baseKey":"BQLJdvz/kQREY2SboLCsbpK2O1oPztsM0Uo+9HUzw0lL","baseKeyType":2,"closed":-1,"used":1742659868255,"created":1742659868255,"remoteIdentityKey":"BaigjdCMfUPMEuhCP6rwUT9lZuEKhLID0TLQoHKwcZoc"},"_chains":{"BZJRpIgaUN0u0O08Aoysny5eiEcBlXw53xr9FeYqq8F3":{"chainKey":{"counter":0,"key":"bR/p2EnXt2xllD2yWDtIYhL/6ATsGb9J+YdDJbW3lBk="},"chainType":2,"messageKeys":{}},"BTTbIeQu3tp0hiz55AkcxWZmlsTnTIUjmoStdQqX3TFg":{"chainKey":{"counter":-1,"key":"fXvzZnSnApSEfMSYR7G/74niWsU7X3T3BnWXCBc2V4k="},"chainType":1,"messageKeys":{}}}}},"version":"v1"}