{"noiseKey":{"private":{"type":"Buffer","data":"YNdXuwlf2JSm9IZqNQeA2ILZsjW7c283YG40JBYGMWo="},"public":{"type":"Buffer","data":"y2czx8uiE2CA01LbIZmWHigVW6MTVXLr2HYtcmzAclQ="}},"pairingEphemeralKeyPair":{"private":{"type":"Buffer","data":"cOglnYlQs49fK4aiXELnrRnzxeFzemHTM0e99dHX2F0="},"public":{"type":"Buffer","data":"xu0QqfPb+TI2YHACMjkOkVe/5fTuUKVKnz5WZDuEiRk="}},"signedIdentityKey":{"private":{"type":"Buffer","data":"cDevYGtFx7v8mDqiSg1Es+oTTsq6gPlU8xW10SmoX00="},"public":{"type":"Buffer","data":"NlWnRBqmdp30DVGt8ihQIT4sNDi02kshW5cR2miieQU="}},"signedPreKey":{"keyPair":{"private":{"type":"Buffer","data":"iFhWUuDCjuJlrxDc7cyExPOvreD+AWwqmg2of5ZGXnE="},"public":{"type":"Buffer","data":"jm6yYRQtTzHIi5rPcwDcZ5ZZnT/Fq59I4qtA16IkwDI="}},"signature":{"type":"Buffer","data":"MloKKDFp/A9jbah8dmf76hJgVDojOQX/ogoThP4DMIHcniglppyu6pCTl0fwb1CuGEaHGa2AYblIZ+jlHPfWCg=="},"keyId":1},"registrationId":121,"advSecretKey":"8XtZWBappFfawf1iJoNeW7mAFyLsK8Y8Kxf29rCW2h4=","processedHistoryMessages":[],"nextPreKeyId":1,"firstUnuploadedPreKeyId":1,"accountSyncCounter":0,"accountSettings":{"unarchiveChats":false},"registered":false,"account":{"details":"CJKVqPAOENOY+b4GGAYgACgA","accountSignatureKey":"DgK0evDS+/5OfYUEnLu/F1cT72J+0FmOklZwjB3Zpxo=","accountSignature":"5CjoXAYlU8VMPOiXJ4VXVf/+vzS7gNJnIXff6zJl88OJZM92Y5rGfcxS8SkEdn+7IFTadUwhI4HA19Oys5xdBw==","deviceSignature":"K8XVXRJ3qlNnVuTrGlewj30eEZeKhLWVbSvZc8l8CyXSl5zRhY8rhTRozqfLXKi/jHeH0YBhDJllNqRpZObZAw=="},"me":{"id":"916200844974:42@s.whatsapp.net","name":"SoftEazy"},"signalIdentities":[{"identifier":{"name":"916200844974:42@s.whatsapp.net","deviceId":0},"identifierKey":{"type":"Buffer","data":"BQ4CtHrw0vv+Tn2FBJy7vxdXE+9iftBZjpJWcIwd2aca"}}],"platform":"smbi"}